id;Name;Latitude;Longitude;Height;Time;Date;North;East;Height;XX;YY;ZZ;XY;XZ;YZ;XX;YY;ZZ;XY;XZ;YZ;PDop;HDop;VDop;TDop;TypeSolution;GPSSats;GLONASSSats;GalileoSats;BeiDouSats;SBASSats;QZSSSats;NumberOfEpochs
STA2;1_sapos_ref;50,281081;6,527213234;654,2495167;15:45:26;07.05.2026;5572808,341;323827,9555;606,1063586;2,1057e-05;6,85024e-06;2,77918e-05;1,56133e-06;1,74176e-05;1,9317e-06;6,67979e-06;6,68115e-06;4,23381e-05;2,53971e-08;1,50101e-08;-1,00109e-07;1,2776932339180638;0,65;1,1;0,81;phase_diff_fixed;7,0;4,0;6,0;6,0;0,0;0,0;3,0
STA3;5000;50,281081;6,527213118;654,2442306;15:47:51;07.05.2026;5572808,341;323827,9473;606,1010725;0,001076;0,001036;0,001097;0,0;0,0;0,0;0,001085;0,001036;0,001089;3,52065e-06;1,05844e-05;-2,92487e-06;1,797386992275175;0,91;1,55;0,72;ppp_float;0,0;0,0;0,0;0,0;0,0;0,0;1,0
STA4;5001;50,28108107;6,527213138;654,2457279;15:47:59;07.05.2026;5572808,349;323827,9489;606,1025698;0,001125;0,001074;0,00115;0,0;0,0;0,0;0,001135;0,001075;0,001139;4,43862e-06;1,23601e-05;-3,68749e-06;1,797386992275175;0,91;1,55;0,58;ppp_float;6,0;0,0;6,0;0,0;0,0;0,0;1,0
STA5;5002;50,28108101;6,527213029;654,250246;15:48:00;07.05.2026;5572808,343;323827,9409;606,1070878;0,001121;0,001069;0,001146;0,0;0,0;0,0;0,001131;0,00107;0,001135;4,51753e-06;1,24763e-05;-3,75305e-06;1,797386992275175;0,91;1,55;0,58;ppp_float;6,0;0,0;6,0;0,0;0,0;0,0;1,0
STA6;5003;50,28108103;6,527213026;654,2494466;15:48:01;07.05.2026;5572808,345;323827,9408;606,1062885;0,001117;0,001064;0,001142;0,0;0,0;0,0;0,001127;0,001065;0,001131;4,59823e-06;1,25985e-05;-3,82009e-06;1,797386992275175;0,91;1,55;0,58;ppp_float;6,0;0,0;6,0;0,0;0,0;0,0;1,0
STA7;5004;50,28108115;6,527213493;654,2501955;15:48:02;07.05.2026;5572808,357;323827,9745;606,1070376;0,001114;0,00106;0,001139;0,0;0,0;0,0;0,001124;0,00106;0,001128;4,68059e-06;1,27262e-05;-3,88851e-06;1,797386992275175;0,91;1,55;0,58;ppp_float;6,0;0,0;6,0;0,0;0,0;0,0;1,0
STA8;5005;50,28108356;6,527208166;654,4115015;15:48:03;07.05.2026;5572808,637;323827,6039;606,2683445;0,001111;0,001056;0,001136;0,0;0,0;0,0;0,001121;0,001057;0,001126;4,76447e-06;1,28594e-05;-3,9582e-06;1,797386992275175;0,91;1,55;0,61;ppp_float;6,0;0,0;6,0;0,0;0,0;0,0;1,0
STA9;5006;50,2810905;6,527204403;654,4916073;15:48:04;07.05.2026;5572809,418;323827,3615;606,3484548;0,002164;0,000914;0,004156;0,0;0,0;0,0;0,002968;0,00093;0,003336;0,000109;0,000987;-9,02132e-05;1,797386992275175;0,91;1,55;0,61;ppp_float;6,0;0,0;6,0;0,0;0,0;0,0;1,0
STA10;5007;50,281099;6,527202243;654,500604;15:48:05;07.05.2026;5572810,368;323827,239;606,3574572;0,003645;0,00148;0,006521;0,0;0,0;0,0;0,004803;0,001508;0,005335;0,000188;0,001427;-0,000156;1,9746645284705957;0,97;1,72;0,81;ppp_float;5,0;0,0;6,0;0,0;0,0;0,0;1,0
STA11;5008;50,28111026;6,527200754;654,4744984;15:48:06;07.05.2026;5572811,623;323827,1745;606,3313596;0,005579;0,002024;0,008917;0,0;0,0;0,0;0,006915;0,002069;0,007535;0,000309;0,001663;-0,000257;2,1382469455140116;1,0;1,89;0,72;ppp_float;4,0;0,0;6,0;0,0;0,0;0,0;1,0
STA12;5009;50,28112204;6,527198232;654,4245445;15:48:07;07.05.2026;5572812,939;323827,0383;606,2814138;0,007097;0,002494;0,011405;0,0;0,0;0,0;0,008821;0,002553;0,009621;0,0004;0,002147;-0,000332;2,1382469455140116;1,0;1,89;0,81;ppp_float;4,0;0,0;6,0;0,0;0,0;0,0;1,0
STA13;5010;50,2811333;6,527197085;654,3888089;15:48:08;07.05.2026;5572814,193;323826,9983;606,2456862;0,007917;0,002779;0,012724;0,0;0,0;0,0;0,009841;0,002846;0,010734;0,000446;0,002395;-0,000371;1,746424919657298;0,86;1,52;0,61;ppp_float;6,0;0,0;6,0;0,0;0,0;0,0;1,0
STA14;5011;50,28114499;6,527195314;654,3138308;15:48:09;07.05.2026;5572815,497;323826,9152;606,1707162;0,008821;0,003484;0,014639;0,0;0,0;0,0;0,011156;0,003552;0,012235;0,000464;0,002894;-0,000385;2,0854016399725017;1,0;1,83;0,65;ppp_float;5,0;0,0;5,0;0,0;0,0;0,0;1,0
STA15;5012;50,28115684;6,527193733;654,1865698;15:48:10;07.05.2026;5572816,819;323826,8464;606,0434635;0,009548;0,003861;0,016204;0,0;0,0;0,0;0,012222;0,003934;0,013456;0,000494;0,003308;-0,00041;1,979595918363139;0,98;1,72;0,61;ppp_float;5,0;0,0;6,0;0,0;0,0;0,0;1,0
STA16;5013;50,28116867;6,527193509;654,1855205;15:48:11;07.05.2026;5572818,134;323826,8741;606,0424227;0,010253;0,004113;0,017603;0,0;0,0;0,0;0,013208;0,004192;0,01457;0,000533;0,003652;-0,000443;1,979595918363139;0,98;1,72;0,68;ppp_float;5,0;0,0;6,0;0,0;0,0;0,0;1,0
STA17;5014;50,28118003;6,527195577;654,0968644;15:48:12;07.05.2026;5572819,392;323827,0634;605,953775;0,010713;0,004285;0,019096;0,0;0,0;0,0;0,014087;0,004368;0,015639;0,000558;0,004161;-0,000464;1,979595918363139;0,98;1,72;0,7;ppp_float;5,0;0,0;6,0;0,0;0,0;0,0;1,0
STA18;5015;50,28119104;6,527198546;654,1325255;15:48:13;07.05.2026;5572820,609;323827,3156;605,9894445;0,011992;0,004402;0,019532;0,0;0,0;0,0;0,015013;0,0045;0,016413;0,000659;0,003754;-0,000548;1,93;0,95;1,68;0,73;ppp_float;5,0;0,0;6,0;0,0;0,0;0,0;1,0
STA19;5016;50,28120174;6,527201859;654,0242322;15:48:14;07.05.2026;5572821,791;323827,5911;605,8811594;0,012447;0,004746;0,020299;0,0;0,0;0,0;0,015595;0,004845;0,017052;0,000669;0,003908;-0,000556;1,93;0,95;1,68;0,82;ppp_float;5,0;0,0;6,0;0,0;0,0;0,0;1,0
STA20;5017;50,28121228;6,527205926;654,0183426;15:48:15;07.05.2026;5572822,953;323827,9197;605,875278;0,012567;0,00491;0,020878;0,0;0,0;0,0;0,015903;0,005009;0,017444;0,000665;0,004134;-0,000553;1,797386992275175;0,91;1,55;0,68;ppp_float;6,0;0,0;6,0;0,0;0,0;0,0;1,0
STA21;5018;50,28122278;6,527211525;653,9545626;15:48:16;07.05.2026;5572824,107;323828,3573;605,8115063;0,012989;0,004982;0,021864;0,0;0,0;0,0;0,016552;0,005085;0,018198;0,000696;0,004413;-0,000578;1,979595918363139;0,98;1,72;0,67;ppp_float;5,0;0,0;6,0;0,0;0,0;0,0;1,0
STA22;5019;50,28123332;6,527217722;653,916585;15:48:17;07.05.2026;5572825,264;323828,8377;605,7735372;0,012952;0,005021;0,02226;0,0;0,0;0,0;0,016692;0,005123;0,018417;0,000689;0,004625;-0,000572;1,746424919657298;0,86;1,52;0,64;ppp_float;6,0;0,0;6,0;0,0;0,0;0,0;1,0
STA23;5020;50,28124275;6,527224418;653,7718618;15:48:18;07.05.2026;5572826,296;323829,3495;605,6288218;0,016374;0,004195;0,022044;0,0;0,0;0,0;0,018596;0,004352;0,019664;0,001058;0,002864;-0,000879;2,1648094604375694;1,0;1,92;0,88;ppp_float;5,0;0,0;5,0;0,0;0,0;0,0;1,0
STA24;5021;50,28125235;6,527233459;653,6639925;15:48:19;07.05.2026;5572827,342;323830,029;605,5209606;0,017527;0,004312;0,022972;0,0;0,0;0,0;0,01965;0,004483;0,020679;0,001148;0,00276;-0,000954;2,1648094604375694;1,0;1,92;0,67;ppp_float;5,0;0,0;5,0;0,0;0,0;0,0;1,0
STA25;5022;50,28126183;6,527243056;653,4978678;15:48:20;07.05.2026;5572828,373;323830,7477;605,3548442;0,017997;0,004421;0,024402;0,0;0,0;0,0;0,020509;0,004597;0,021715;0,001179;0,003235;-0,00098;2,1648094604375694;1,0;1,92;0,94;ppp_float;0,0;0,0;0,0;0,0;0,0;0,0;1,0
STA26;5023;50,2812708;6,527252501;653,3912267;15:48:21;07.05.2026;5572829,348;323831,4536;605,2482109;0,018078;0,004476;0,024705;0,0;0,0;0,0;0,02068;0,004652;0,021927;0,001182;0,003344;-0,000982;1,8571483516402236;0,89;1,63;0,73;ppp_float;7,0;0,0;5,0;0,0;0,0;0,0;1,0
STA27;5024;50,28127848;6,527263287;653,2830891;15:48:22;07.05.2026;5572830,176;323832,2504;605,1400804;0,018748;0,004541;0,024246;0,0;0,0;0,0;0,020884;0,004725;0,021926;0,001234;0,002793;-0,001025;1,8571483516402236;0,89;1,63;0,73;ppp_float;7,0;0,0;5,0;0,0;0,0;0,0;1,0
STA28;5025;50,28128585;6,527273352;653,2254811;15:48:23;07.05.2026;5572830,972;323832,9946;605,0824792;0,019012;0,004569;0,024152;0,0;0,0;0,0;0,021;0,004756;0,021977;0,001255;0,002618;-0,001042;1,8571483516402236;0,89;1,63;0,73;ppp_float;7,0;0,0;5,0;0,0;0,0;0,0;1,0
STA29;5026;50,28129201;6,527288116;653,0815789;15:48:24;07.05.2026;5572831,622;323834,069;604,9385835;0,017596;0,004217;0,022156;0,0;0,0;0,0;0,019356;0,00439;0,020223;0,001162;0,002326;-0,000966;1,5332318807016767;0,78;1,32;0,75;ppp_float;8,0;0,0;6,0;0,0;0,0;0,0;1,0
STA30;5027;50,28129733;6,527303719;652,9558819;15:48:25;07.05.2026;5572832,177;323835,2001;604,8128925;0,017028;0,004189;0,022298;0,0;0,0;0,0;0,019082;0,004355;0,020079;0,001115;0,002672;-0,000927;1,6189502771858064;0,83;1,39;0,95;ppp_float;8,0;0,0;5,0;0,0;0,0;0,0;1,0
STA31;5028;50,28130184;6,527318393;652,8535673;15:48:26;07.05.2026;5572832,643;323836,2621;604,7105834;0,017523;0,004239;0,022253;0,0;0,0;0,0;0,019353;0,004411;0,020251;0,001154;0,002409;-0,000959;1,8571483516402236;0,89;1,63;0,96;ppp_float;7,0;0,0;5,0;0,0;0,0;0,0;1,0
STA32;5029;50,28130559;6,527334068;652,6963903;15:48:27;07.05.2026;5572833,023;323837,3926;604,5534113;0,017875;0,004291;0,022317;0,0;0,0;0,0;0,019585;0,004466;0,020432;0,00118;0,00227;-0,00098;1,8571483516402236;0,89;1,63;0,86;ppp_float;7,0;0,0;5,0;0,0;0,0;0,0;1,0
STA33;5030;50,28130978;6,527350334;652,5405594;15:48:28;07.05.2026;5572833,45;323838,5668;604,3975858;0,018056;0,004337;0,022504;0,0;0,0;0,0;0,019767;0,004514;0,020615;0,001192;0,002273;-0,00099;1,8571483516402236;0,89;1,63;0,75;ppp_float;7,0;0,0;5,0;0,0;0,0;0,0;1,0
STA34;5031;50,28131321;6,52736544;652,3826559;15:48:29;07.05.2026;5572833,796;323839,6555;604,2396869;0,018205;0,004378;0,022678;0,0;0,0;0,0;0,019926;0,004557;0,020778;0,001201;0,002286;-0,000998;1,8571483516402236;0,89;1,63;0,73;ppp_float;7,0;0,0;5,0;0,0;0,0;0,0;1,0
STA35;5032;50,28131624;6,527381594;652,2417669;15:48:30;07.05.2026;5572834,094;323840,8174;604,0988024;0,019558;0,004923;0,023531;0,0;0,0;0,0;0,021068;0,005112;0,021831;0,001271;0,002045;-0,001056;2,3224340679554287;1,11;2,04;0,69;ppp_float;5,0;0,0;5,0;0,0;0,0;0,0;1,0
STA36;5033;50,28132011;6,527397781;652,1541662;15:48:31;07.05.2026;5572834,486;323841,9849;604,0112068;0,020585;0,005159;0,024767;0,0;0,0;0,0;0,022175;0,005358;0,022978;0,00134;0,002153;-0,001113;2,3224340679554287;1,11;2,04;0,94;ppp_float;0,0;0,0;0,0;0,0;0,0;0,0;1,0
STA37;5034;50,28132283;6,527412109;652,0766752;15:48:32;07.05.2026;5572834,755;323843,0155;603,9337199;0,021488;0,005384;0,025887;0,0;0,0;0,0;0,023161;0,005592;0,024006;0,001399;0,002265;-0,001162;2,3224340679554287;1,11;2,04;0,69;ppp_float;5,0;0,0;5,0;0,0;0,0;0,0;1,0
STA38;5035;50,2813236;6,527426537;651,9903828;15:48:33;07.05.2026;5572834,807;323844,0462;603,84743;0,021613;0,005419;0,026079;0,0;0,0;0,0;0,023313;0,005629;0,02417;0,001407;0,002298;-0,001169;1,9601020381602585;0,94;1,72;0,83;ppp_float;6,0;0,0;6,0;0,0;0,0;0,0;1,0
STA39;5036;50,28132615;6,527439842;651,8355653;15:48:34;07.05.2026;5572835,059;323845,0035;603,6926163;0,021507;0,005121;0,027557;0,0;0,0;0,0;0,023852;0,005333;0,025;0,001423;0,003078;-0,001183;2,1466252583997982;0,96;1,92;0,68;ppp_float;6,0;0,0;5,0;0,0;0,0;0,0;1,0
STA40;5037;50,281329;6,527452611;651,7245881;15:48:35;07.05.2026;5572835,345;323845,9236;603,581643;0,021391;0,004922;0,029175;0,0;0,0;0,0;0,024443;0,005134;0,025909;0,001431;0,003931;-0,001189;2,219481921530338;1,06;1,95;0,7;ppp_float;5,0;0,0;5,0;0,0;0,0;0,0;1,0
STA41;5038;50,28133077;6,527467643;651,6215122;15:48:36;07.05.2026;5572835,506;323847,0009;603,4785706;0,021223;0,004918;0,029286;0,0;0,0;0,0;0,02439;0,005128;0,025907;0,001416;0,004067;-0,001177;1,9601020381602585;0,94;1,72;0,61;ppp_float;5,0;0,0;6,0;0,0;0,0;0,0;1,0
STA42;5039;50,28133321;6,52748349;651,4923511;15:48:37;07.05.2026;5572835,74;323848,1388;603,3494135;0,019955;0,005062;0,030651;0,0;0,0;0,0;0,024209;0,005254;0,026205;0,001294;0,005352;-0,001075;2,039240054530118;1,03;1,76;0,86;ppp_float;5,0;0,0;6,0;0,0;0,0;0,0;1,0
STA43;5040;50,28133644;6,527498584;651,325548;15:48:38;07.05.2026;5572836,063;323849,226;603,1826149;0,019419;0,005255;0,031177;0,0;0,0;0,0;0,024112;0,005438;0,026301;0,001231;0,005869;-0,001022;2,039240054530118;1,03;1,76;0,8;ppp_float;0,0;0,0;0,0;0,0;0,0;0,0;1,0
STA44;5041;50,28133893;6,527511215;651,2028514;15:48:39;07.05.2026;5572836,311;323850,135;603,0599219;0,019038;0,005354;0,031591;0,0;0,0;0,0;0,024059;0,005531;0,026393;0,001189;0,006257;-0,000988;2,039240054530118;1,03;1,76;0,92;ppp_float;0,0;0,0;0,0;0,0;0,0;0,0;1,0
STA45;5042;50,2813423;6,527523014;651,0981121;15:48:40;07.05.2026;5572836,657;323850,9879;602,9551868;0,020708;0,004695;0,029631;0,0;0,0;0,0;0,024229;0,004902;0,025903;0,001391;0,004488;-0,001156;1,7544514812328098;0,91;1,5;0,74;ppp_float;6,0;0,0;6,0;0,0;0,0;0,0;1,0
STA46;5043;50,28134511;6,527535827;651,0890102;15:48:41;07.05.2026;5572836,939;323851,911;602,9460887;0,021313;0,005646;0,027326;0,0;0,0;0,0;0,023649;0,005849;0,024788;0,001361;0,003055;-0,001131;1,7904747973652129;0,93;1,53;0,88;ppp_float;5,0;0,0;6,0;0,0;0,0;0,0;1,0
STA47;5044;50,28134789;6,527549992;650,8459895;15:48:42;07.05.2026;5572837,215;323852,9303;602,703072;0,020964;0,00533;0,029053;0,0;0,0;0,0;0,024148;0,005532;0,025668;0,001358;0,004075;-0,001128;2,1736835096213984;1,0;1,93;0,81;ppp_float;5,0;0,0;5,0;0,0;0,0;0,0;1,0
STA48;5045;50,28135238;6,527563494;650,7958708;15:48:43;07.05.2026;5572837,682;323853,9087;602,6529585;0,021054;0,005451;0,029763;0,0;0,0;0,0;0,024491;0,005653;0,026125;0,001355;0,00438;-0,001126;2,1736835096213984;1,0;1,93;0,75;ppp_float;0,0;0,0;0,0;0,0;0,0;0,0;1,0
STA49;5046;50,28135783;6,527572932;650,7408509;15:48:44;07.05.2026;5572838,265;323854,6012;602,5979439;0,023204;0,006406;0,028346;0,0;0,0;0,0;0,025176;0,006623;0,026158;0,001459;0,002634;-0,001212;2,331222855069845;1,11;2,05;0,82;ppp_float;5,0;0,0;5,0;0,0;0,0;0,0;1,0
STA50;5047;50,28136416;6,527580708;650,6941744;15:48:45;07.05.2026;5572838,95;323855,1785;602,5512731;0,023995;0,006507;0,028993;0,0;0,0;0,0;0,025902;0,006733;0,02686;0,001519;0,002567;-0,001262;2,331222855069845;1,11;2,05;0,81;ppp_float;5,0;0,0;5,0;0,0;0,0;0,0;1,0
STA51;5048;50,28136974;6,527592177;650,5940065;15:48:46;07.05.2026;5572839,544;323856,0161;602,4511108;0,024527;0,006533;0,02981;0,0;0,0;0,0;0,026547;0,006765;0,027558;0,001563;0,002711;-0,001299;2,331222855069845;1,11;2,05;0,88;ppp_float;5,0;0,0;5,0;0,0;0,0;0,0;1,0
STA52;5049;50,28137373;6,527606322;650,5064027;15:48:47;07.05.2026;5572839,954;323857,0385;602,363512;0,024388;0,006352;0,030574;0,0;0,0;0,0;0,026776;0,006585;0,027953;0,001567;0,003155;-0,001302;2,1511159894343215;0,97;1,92;0,82;ppp_float;6,0;0,0;5,0;0,0;0,0;0,0;1,0
STA53;5050;50,2813773;6,527620224;650,2907615;15:48:48;07.05.2026;5572840,318;323858,0419;602,1478753;0,023372;0,005758;0,031204;0,0;0,0;0,0;0,026436;0,005986;0,027913;0,00153;0,003962;-0,001271;1,8571483516402236;0,89;1,63;0,76;ppp_float;7,0;0,0;5,0;0,0;0,0;0,0;1,0
STA54;5051;50,28138127;6,527635569;650,1814903;15:48:49;07.05.2026;5572840,723;323859,1498;602,0386092;0,024544;0,0064;0,029354;0,0;0,0;0,0;0,026369;0,006634;0,027294;0,001576;0,002479;-0,00131;2,0651876428063383;1,03;1,79;0,78;ppp_float;6,0;0,0;5,0;0,0;0,0;0,0;1,0
STA55;5052;50,28138443;6,527650742;650,0641796;15:48:50;07.05.2026;5572841,039;323860,2422;601,921303;0,025475;0,007219;0,027983;0,0;0,0;0,0;0,026359;0,007455;0,026862;0,001586;0,001349;-0,001318;2,1508137994721905;1,08;1,86;0,74;ppp_float;5,0;0,0;5,0;0,0;0,0;0,0;1,0
STA56;5053;50,28138691;6,527664967;649,9286959;15:48:51;07.05.2026;5572841,28;323861,2647;601,7858231;0,0251;0,007162;0,027049;0,0;0,0;0,0;0,025759;0,007394;0,026159;0,001558;0,001072;-0,001295;1,746424919657298;0,86;1,52;0,64;ppp_float;6,0;0,0;6,0;0,0;0,0;0,0;1,0
STA57;5054;50,28138895;6,527680868;649,8719138;15:48:52;07.05.2026;5572841,47;323862,405;601,7290447;0,024458;0,006716;0,027332;0,0;0,0;0,0;0,025496;0,006945;0,026065;0,001541;0,001525;-0,001281;1,8930662957223658;0,91;1,66;0,69;ppp_float;6,0;0,0;5,0;0,0;0,0;0,0;1,0
STA58;5055;50,28138939;6,527696216;649,685545;15:48:53;07.05.2026;5572841,482;323863,5;601,5426785;0,023231;0,006322;0,028673;0,0;0,0;0,0;0,025324;0,006541;0,026361;0,001469;0,002782;-0,00122;1,9882907232092595;0,98;1,73;0,64;ppp_float;5,0;0,0;6,0;0,0;0,0;0,0;1,0
STA59;5056;50,28138958;6,527711328;649,5772;15:48:54;07.05.2026;5572841,468;323864,5772;601,4343358;0,021484;0,006456;0,029989;0,0;0,0;0,0;0,024842;0,006651;0,026437;0,001306;0,004275;-0,001085;1,9882907232092595;0,98;1,73;0,6;ppp_float;5,0;0,0;6,0;0,0;0,0;0,0;1,0
STA60;5057;50,28139037;6,527726421;649,5632414;15:48:55;07.05.2026;5572841,52;323865,6552;601,4203799;0,02028;0,006463;0,029772;0,0;0,0;0,0;0,02405;0,006641;0,025823;0,0012;0,004753;-0,000997;1,7104677722775135;0,84;1,49;0,78;ppp_float;7,0;0,0;6,0;0,0;0,0;0,0;1,0
STA61;5058;50,28139143;6,527742035;649,3889171;15:48:56;07.05.2026;5572841,601;323866,7714;601,2460587;0,019758;0,006138;0,029381;0,0;0,0;0,0;0,023583;0,006314;0,025379;0,001183;0,004816;-0,000983;1,7355690709389817;0,89;1,49;0,6;ppp_float;6,0;0,0;6,0;0,0;0,0;0,0;1,0
STA62;5059;50,28139412;6,527758537;649,1122958;15:48:57;07.05.2026;5572841,861;323867,9569;600,9694416;0,018117;0,005649;0,026922;0,0;0,0;0,0;0,021617;0,005811;0,023261;0,001083;0,004407;-0,0009;1,4871785366928882;0,79;1,26;0,65;ppp_float;7,0;0,0;6,0;0,0;0,0;0,0;1,0
STA63;5060;50,28139731;6,527774903;649,0715179;15:48:58;07.05.2026;5572842,176;323869,1345;600,9286684;0,017424;0,005351;0,023742;0,0;0,0;0,0;0,019912;0,005507;0,021099;0,001049;0,003182;-0,000871;1,4871785366928882;0,79;1,26;0,85;ppp_float;7,0;0,0;6,0;0,0;0,0;0,0;1,0
STA64;5061;50,28140012;6,527787788;648,936806;15:48:59;07.05.2026;5572842,459;323870,0628;600,7939604;0,017194;0,005982;0,023576;0,0;0,0;0,0;0,019714;0,006127;0,020911;0,000974;0,003208;-0,000809;1,8752333188166215;1,01;1,58;0,77;ppp_float;5,0;0,0;6,0;0,0;0,0;0,0;1,0
STA65;5062;50,28140276;6,527800071;648,7576312;15:49:00;07.05.2026;5572842,723;323870,9475;600,6147892;0,016467;0,005805;0,025642;0,0;0,0;0,0;0,020132;0,005943;0,02184;0,000926;0,004578;-0,00077;2,0820182516010757;1,08;1,78;0,66;ppp_float;5,0;0,0;6,0;0,0;0,0;0,0;1,0
STA66;5063;50,28140535;6,527810031;648,6521875;15:49:01;07.05.2026;5572842,987;323871,6666;600,5093488;0,016842;0,006003;0,026097;0,0;0,0;0,0;0,020538;0,006143;0,022261;0,000942;0,004618;-0,000782;2,0820182516010757;1,08;1,78;0,84;ppp_float;5,0;0,0;6,0;0,0;0,0;0,0;1,0
STA67;5064;50,28140834;6,527817044;648,5570882;15:49:02;07.05.2026;5572843,303;323872,1771;600,4142527;0,017009;0,006098;0,026764;0,0;0,0;0,0;0,020909;0,006239;0,022723;0,000948;0,004864;-0,000788;2,0820182516010757;1,08;1,78;0,83;ppp_float;5,0;0,0;6,0;0,0;0,0;0,0;1,0
STA68;5065;50,28140919;6,52782513;648,4837526;15:49:03;07.05.2026;5572843,379;323872,7563;600,3409189;0,016988;0,006103;0,027646;0,0;0,0;0,0;0,021257;0,006244;0,023236;0,000946;0,005308;-0,000786;2,0820182516010757;1,08;1,78;0,69;ppp_float;5,0;0,0;6,0;0,0;0,0;0,0;1,0
STA69;5066;50,28141132;6,527834447;648,4282438;15:49:04;07.05.2026;5572843,593;323873,4279;600,285413;0,017544;0,006547;0,027412;0,0;0,0;0,0;0,021489;0,006689;0,023324;0,000955;0,00492;-0,000794;2,0820182516010757;1,08;1,78;0,76;ppp_float;5,0;0,0;6,0;0,0;0,0;0,0;1,0
STA70;5067;50,28141226;6,527838611;648,4540711;15:49:05;07.05.2026;5572843,688;323873,728;600,3112416;0,017611;0,006607;0,027475;0,0;0,0;0,0;0,021555;0,00675;0,023389;0,000956;0,004918;-0,000794;1,9601020381602585;0,94;1,72;0,81;ppp_float;6,0;0,0;6,0;0,0;0,0;0,0;1,0
STA71;5068;50,2814122;6,527843046;648,3390298;15:49:06;07.05.2026;5572843,671;323874,0437;600,1962009;0,0173;0,006079;0,028428;0,0;0,0;0,0;0,021758;0,006224;0,023825;0,000975;0,005541;-0,00081;1,9601020381602585;0,94;1,72;0,88;ppp_float;6,0;0,0;6,0;0,0;0,0;0,0;1,0
STA72;5069;50,28141313;6,527846534;648,3148744;15:49:07;07.05.2026;5572843,766;323874,2957;600,1720467;0,017179;0,005893;0,028815;0,0;0,0;0,0;0,021844;0,006039;0,024004;0,00098;0,005791;-0,000815;1,9601020381602585;0,94;1,72;0,87;ppp_float;6,0;0,0;6,0;0,0;0,0;0,0;1,0
STA73;5070;50,28141386;6,527848087;648,2724012;15:49:08;07.05.2026;5572843,843;323874,4089;600,1295742;0,0167;0,005655;0,028358;0,0;0,0;0,0;0,021376;0,005798;0,023539;0,00096;0,005801;-0,000797;1,651575005865613;0,86;1,41;0,98;ppp_float;6,0;0,0;7,0;0,0;0,0;0,0;1,0
STA74;5071;50,28141539;6,527853344;648,3077856;15:49:09;07.05.2026;5572844,001;323874,7891;600,1649604;0,016694;0,005805;0,027086;0,0;0,0;0,0;0,020854;0,005946;0,022785;0,000946;0,005177;-0,000786;1,651575005865613;0,86;1,41;0,79;ppp_float;6,0;0,0;7,0;0,0;0,0;0,0;1,0
STA75;5072;50,28141827;6,527859908;648,2719421;15:49:10;07.05.2026;5572844,305;323875,2673;600,12912;0,016539;0,00583;0,02616;0,0;0,0;0,0;0,020386;0,005968;0,022175;0,00093;0,004797;-0,000773;1,651575005865613;0,86;1,41;0,77;ppp_float;6,0;0,0;7,0;0,0;0,0;0,0;1,0
STA76;5073;50,28142123;6,527869656;648,1830916;15:49:11;07.05.2026;5572844,612;323875,9727;600,040273;0,01632;0,005799;0,025434;0,0;0,0;0,0;0,019962;0,005935;0,021657;0,000914;0,004547;-0,000759;1,651575005865613;0,86;1,41;0,98;ppp_float;0,0;0,0;0,0;0,0;0,0;0,0;1,0
STA77;5074;50,28142672;6,527882274;648,2092083;15:49:12;07.05.2026;5572845,192;323876,8918;600,0663954;0,016079;0,005743;0,024836;0,0;0,0;0,0;0,019576;0,005876;0,021206;0,000898;0,00437;-0,000746;1,651575005865613;0,86;1,41;0,69;ppp_float;6,0;0,0;7,0;0,0;0,0;0,0;1,0
STA78;5075;50,28143375;6,527898022;648,1316749;15:49:13;07.05.2026;5572845,936;323878,0395;599,9888694;0,015438;0,005771;0,026116;0,0;0,0;0,0;0,019724;0,005896;0,021705;0,00084;0,00531;-0,000698;1,9882907232092595;0,98;1,73;0,79;ppp_float;5,0;0,0;6,0;0,0;0,0;0,0;1,0
STA79;5076;50,28144086;6,52791508;647,996585;15:49:14;07.05.2026;5572846,686;323879,2809;599,8537871;0,015819;0,006446;0,026134;0,0;0,0;0,0;0,019959;0,006567;0,021872;0,000814;0,00513;-0,000676;2,0820182516010757;1,08;1,78;0,86;ppp_float;5,0;0,0;6,0;0,0;0,0;0,0;1,0
STA80;5077;50,28144752;6,527932897;647,9071616;15:49:15;07.05.2026;5572847,385;323880,5747;599,764371;0,016236;0,006465;0,025493;0,0;0,0;0,0;0,019941;0,006591;0,021662;0,000849;0,004612;-0,000705;1,7972478960900191;0,99;1,5;0,88;ppp_float;5,0;0,0;7,0;0,0;0,0;0,0;1,0
STA81;5078;50,28145403;6,527948736;647,789447;15:49:16;07.05.2026;5572848,071;323881,727;599,6466634;0,016507;0,006461;0,026204;0,0;0,0;0,0;0,02039;0,006591;0,022191;0,000873;0,00483;-0,000725;2,0820182516010757;1,08;1,78;0,81;ppp_float;5,0;0,0;6,0;0,0;0,0;0,0;1,0
STA82;5079;50,28146153;6,527966578;647,6734685;15:49:17;07.05.2026;5572848,863;323883,0257;599,5306929;0,019303;0,005769;0,025945;0,0;0,0;0,0;0,021912;0,005944;0,023161;0,001176;0,003351;-0,000977;2,2426992665089984;1,09;1,96;0,75;ppp_float;4,0;0,0;6,0;0,0;0,0;0,0;1,0
STA83;5080;50,28146908;6,527983271;647,5260927;15:49:18;07.05.2026;5572849,662;323884,2427;599,3833249;0,019578;0,005848;0,025608;0,0;0,0;0,0;0,021936;0,006025;0,023074;0,001193;0,003051;-0,000991;1,866815470259447;1,01;1,57;0,72;ppp_float;4,0;0,0;7,0;0,0;0,0;0,0;1,0
STA84;5081;50,28147579;6,528000377;647,3376238;15:49:19;07.05.2026;5572850,367;323885,4861;599,1948633;0,019178;0,006792;0,024266;0,0;0,0;0,0;0,021161;0,006952;0,022123;0,001076;0,002579;-0,000894;1,665322791533221;0,87;1,42;0,87;ppp_float;5,0;0,0;7,0;0,0;0,0;0,0;1,0
STA85;5082;50,28148284;6,528017113;647,4531987;15:49:20;07.05.2026;5572851,112;323886,7043;599,3104456;0,018696;0,006539;0,024859;0,0;0,0;0,0;0,021119;0,006696;0,022278;0,001056;0,003107;-0,000877;1,8357559750685821;0,9;1,6;0,97;ppp_float;5,0;0,0;6,0;0,0;0,0;0,0;1,0
STA86;5083;50,28148896;6,52803261;647,2748244;15:49:21;07.05.2026;5572851,755;323887,8308;599,132078;0,018532;0,006208;0,026599;0,0;0,0;0,0;0,021732;0,006367;0,02324;0,001071;0,004044;-0,00089;2,15176671598015;1,01;1,9;0,83;ppp_float;4,0;0,0;6,0;0,0;0,0;0,0;1,0
STA87;5084;50,28149686;6,528047368;646,9459825;15:49:22;07.05.2026;5572852,599;323888,9112;598,8032439;0,018291;0,006105;0,026717;0,0;0,0;0,0;0,021638;0,006263;0,023212;0,001059;0,004219;-0,00088;1,8357559750685821;0,9;1,6;0,86;ppp_float;5,0;0,0;6,0;0,0;0,0;0,0;1,0
STA88;5085;50,28150612;6,528064363;646,8007496;15:49:23;07.05.2026;5572853,588;323890,1561;598,6580201;0,020041;0,006542;0,025098;0,0;0,0;0,0;0,022003;0,006716;0,022962;0,001173;0,002571;-0,000974;2,009975124224178;1,04;1,72;0,85;ppp_float;4,0;0,0;6,0;0,0;0,0;0,0;1,0
STA89;5086;50,28151611;6,528078407;646,705459;15:49:24;07.05.2026;5572854,666;323891,1934;598,5627388;0,020584;0,00679;0,024788;0,0;0,0;0,0;0,022195;0,006968;0,022998;0,001198;0,002154;-0,000996;2,009975124224178;1,04;1,72;1,0;ppp_float;0,0;0,0;0,0;0,0;0,0;0,0;1,0
STA90;5087;50,28152844;6,528087722;646,4585225;15:49:25;07.05.2026;5572856,014;323891,9024;598,3158125;0,020954;0,007094;0,024303;0,0;0,0;0,0;0,022215;0,007273;0,022862;0,001204;0,001734;-0,001;1,9550959055759898;1,0;1,68;0,83;ppp_float;5,0;0,0;6,0;0,0;0,0;0,0;1,0
STA91;5088;50,28154088;6,528094547;646,2371156;15:49:26;07.05.2026;5572857,382;323892,4346;598,0944155;0,021069;0,007009;0,024359;0,0;0,0;0,0;0,022305;0,00719;0,022941;0,001222;0,001706;-0,001015;1,9550959055759898;1,0;1,68;0,7;ppp_float;5,0;0,0;6,0;0,0;0,0;0,0;1,0
STA92;5089;50,28155226;6,528101634;646,1474113;15:49:27;07.05.2026;5572858,63;323892,9814;598,0047204;0,021209;0,006929;0,024353;0,0;0,0;0,0;0,022384;0,007114;0,022994;0,001241;0,001636;-0,001031;1,9550959055759898;1,0;1,68;0,72;ppp_float;0,0;0,0;0,0;0,0;0,0;0,0;1,0
STA93;5090;50,28156027;6,528112785;645,9981554;15:49:28;07.05.2026;5572859,494;323893,8053;597,8554719;0,021245;0,006567;0,024743;0,0;0,0;0,0;0,022561;0,006757;0,023237;0,001275;0,001813;-0,001059;1,9550959055759898;1,0;1,68;0,78;ppp_float;5,0;0,0;6,0;0,0;0,0;0,0;1,0
STA94;5091;50,28156875;6,528125861;645,9177852;15:49:29;07.05.2026;5572860,405;323894,7682;597,7751097;0,021284;0,006645;0,024299;0,0;0,0;0,0;0,022403;0,006835;0,02299;0,001272;0,001575;-0,001057;1,859247159470736;0,98;1,58;0,75;ppp_float;6,0;0,0;6,0;0,0;0,0;0,0;1,0
STA95;5092;50,28157691;6,52813902;645,7496594;15:49:30;07.05.2026;5572861,281;323895,7357;597,6069917;0,018248;0,006435;0,02751;0,0;0,0;0,0;0,021939;0,006588;0,023665;0,001026;0,004628;-0,000853;1,91128229207514;1,03;1,61;0,59;ppp_float;6,0;0,0;5,0;0,0;0,0;0,0;1,0
STA96;5093;50,28158515;6,528152551;645,6194525;15:49:31;07.05.2026;5572862,166;323896,73;597,4767926;0,017262;0,006216;0,028444;0,0;0,0;0,0;0,021744;0,006359;0,02382;0,00096;0,005566;-0,000797;1,859247159470736;0,98;1,58;0,86;ppp_float;6,0;0,0;6,0;0,0;0,0;0,0;1,0
STA97;5094;50,28159279;6,528164864;645,4774975;15:49:32;07.05.2026;5572862,985;323897,6353;597,3348449;0,016675;0,005802;0,030277;0,0;0,0;0,0;0,022146;0,005942;0,024666;0,000945;0,006755;-0,000785;2,0820182516010757;1,08;1,78;0,89;ppp_float;5,0;0,0;6,0;0,0;0,0;0,0;1,0
STA98;5095;50,28160111;6,528178473;645,3668411;15:49:33;07.05.2026;5572863,878;323898,6355;597,2241965;0,017714;0,006006;0,029789;0,0;0,0;0,0;0,022555;0,006157;0,024797;0,001017;0,006009;-0,000845;2,0820182516010757;1,08;1,78;0,58;ppp_float;5,0;0,0;6,0;0,0;0,0;0,0;1,0
STA99;5096;50,28160913;6,528192243;645,1941624;15:49:34;07.05.2026;5572864,738;323899,646;597,0515255;0,017203;0,007018;0,029529;0,0;0,0;0,0;0,022159;0,00715;0,024442;0,000885;0,006123;-0,000735;1,9882907232092595;0,98;1,73;0,63;ppp_float;5,0;0,0;6,0;0,0;0,0;0,0;1,0
STA100;5097;50,28161661;6,52820501;645,0439355;15:49:35;07.05.2026;5572865,539;323900,583;596,9013058;0,017201;0,006909;0,030444;0,0;0,0;0,0;0,02253;0,007042;0,024982;0,000894;0,006575;-0,000743;2,127580785775243;1,15;1,79;0,83;ppp_float;4,0;0,0;6,0;0,0;0,0;0,0;1,0
STA101;5098;50,2816247;6,528218025;644,9190058;15:49:36;07.05.2026;5572866,408;323901,54;596,7763839;0,017518;0,007065;0,030674;0,0;0,0;0,0;0,02281;0,0072;0,025247;0,000908;0,006533;-0,000754;2,127580785775243;1,15;1,79;0,61;ppp_float;0,0;0,0;0,0;0,0;0,0;0,0;1,0
STA102;5099;50,28163272;6,528231747;644,9041784;15:49:37;07.05.2026;5572867,267;323902,5471;596,7615642;0,018095;0,007395;0,030357;0,0;0,0;0,0;0,02302;0,007534;0,025294;0,00093;0,006095;-0,000772;2,127580785775243;1,15;1,79;0,65;ppp_float;0,0;0,0;0,0;0,0;0,0;0,0;1,0
STA103;5100;50,2816405;6,528245437;644,7611391;15:49:38;07.05.2026;5572868,099;323903,551;596,6185325;0,018295;0,00751;0,030361;0,0;0,0;0,0;0,023139;0,00765;0,025377;0,000937;0,005999;-0,000778;2,0820182516010757;1,08;1,78;0,74;ppp_float;5,0;0,0;6,0;0,0;0,0;0,0;1,0
STA104;5101;50,28164789;6,528260102;644,5928705;15:49:39;07.05.2026;5572868,887;323904,623;596,4502713;0,016197;0,011473;0,029648;0,0;0,0;0,0;0,021653;0,011534;0,02413;0,00041;0,006641;-0,000341;2,233226365597541;1,28;1,83;0,7;ppp_float;5,0;0,0;5,0;0,0;0,0;0,0;1,0
STA105;5102;50,28165542;6,528275526;644,5239074;15:49:40;07.05.2026;5572869,686;323905,7496;596,3813158;0,013748;0,022615;0,02285;0,0;0,0;0,0;0,017533;0,0225;0,01918;-0,00077;0,004418;0,00064;2,2856946427727394;1,3;1,88;0,78;ppp_float;4,0;0,0;6,0;0,0;0,0;0,0;1,0
STA106;5103;50,28166263;6,528289612;644,3082934;15:49:41;07.05.2026;5572870,455;323906,7796;596,1657091;0,014262;0,023651;0,023022;0,0;0,0;0,0;0,017911;0,02353;0,019494;-0,000816;0,004246;0,000678;2,2856946427727394;1,3;1,88;0,78;ppp_float;4,0;0,0;6,0;0,0;0,0;0,0;1,0
STA107;5104;50,28166987;6,528303413;644,1783447;15:49:42;07.05.2026;5572871,227;323907,7894;596,0357676;0,014881;0,023544;0,024007;0,0;0,0;0,0;0,018674;0,023432;0,020326;-0,000753;0,004431;0,000625;2,2856946427727394;1,3;1,88;0,76;ppp_float;4,0;0,0;6,0;0,0;0,0;0,0;1,0
STA108;5105;50,28167716;6,52831875;644,0556229;15:49:43;07.05.2026;5572872,001;323908,9088;595,9130532;0,015194;0,022924;0,024616;0,0;0,0;0,0;0,0191;0,022824;0,020809;-0,000672;0,004582;0,000558;2,0820182516010757;1,08;1,78;0,66;ppp_float;5,0;0,0;6,0;0,0;0,0;0,0;1,0
STA109;5106;50,28168373;6,528334166;643,9644764;15:49:44;07.05.2026;5572872,696;323910,0313;595,8219136;0,020228;0,019302;0,024966;0,0;0,0;0,0;0,022156;0,019314;0,023026;8,04799e-05;0,002335;-6,68592e-05;2,3400213674238106;1,11;2,06;0,66;ppp_float;5,0;0,0;5,0;0,0;0,0;0,0;1,0
STA110;5107;50,28169101;6,528348892;643,8875277;15:49:45;07.05.2026;5572873,47;323911,1072;595,7449723;0,020785;0,018385;0,025695;0,0;0,0;0,0;0,022772;0,018416;0,023678;0,000209;0,002429;-0,000173;2,0820182516010757;1,08;1,78;0,7;ppp_float;5,0;0,0;6,0;0,0;0,0;0,0;1,0
STA111;5108;50,28169832;6,52836433;643,6119678;15:49:46;07.05.2026;5572874,246;323912,2339;595,4694199;0,020007;0,019463;0,026286;0,0;0,0;0,0;0,022567;0,01947;0,02372;4,73407e-05;0,00309;-3,93285e-05;2,2004772209682155;1,11;1,9;0,82;ppp_float;5,0;0,0;5,0;0,0;0,0;0,0;1,0
STA112;5109;50,28170528;6,528378233;643,5403387;15:49:47;07.05.2026;5572874,987;323913,2499;595,3977978;0,01981;0,020932;0,025421;0,0;0,0;0,0;0,02211;0,020918;0,023136;-9,74763e-05;0,002751;8,0979e-05;2,127580785775243;1,15;1,79;0,72;ppp_float;4,0;0,0;6,0;0,0;0,0;0,0;1,0
STA113;5110;50,28171275;6,528391021;643,4460218;15:49:48;07.05.2026;5572875,787;323914,1885;595,3034881;0,019556;0,021528;0,025373;0,0;0,0;0,0;0,021947;0,021502;0,023008;-0,000171;0,002847;0,000142;2,127580785775243;1,15;1,79;0,67;ppp_float;4,0;0,0;6,0;0,0;0,0;0,0;1,0
STA114;5111;50,28171963;6,528405677;643,3617603;15:49:49;07.05.2026;5572876,518;323915,2579;595,2192337;0,021668;0,021009;0,025067;0,0;0,0;0,0;0,023051;0,021018;0,023676;5,72339e-05;0,001675;-4,75474e-05;2,2896506283710623;1,2;1,95;0,63;ppp_convergence;4,0;0,0;5,0;0,0;0,0;0,0;1,0
STA115;5112;50,28172735;6,528420958;643,262682;15:49:50;07.05.2026;5572877,339;323916,3749;595,1201631;0,022161;0,021306;0,024708;0,0;0,0;0,0;0,023194;0,021317;0,023663;7,42665e-05;0,001257;-6,16972e-05;2,127580785775243;1,15;1,79;0,56;ppp_convergence;4,0;0,0;6,0;0,0;0,0;0,0;1,0
STA116;5113;50,28173445;6,528436873;643,1012901;15:49:51;07.05.2026;5572878,091;323917,5349;594,9587787;0,021736;0,021646;0,024478;0,0;0,0;0,0;0,022855;0,021647;0,023358;7,78001e-06;0,001348;-6,46328e-06;1,9932385707686875;0,99;1,73;0,57;ppp_convergence;5,0;0,0;6,0;0,0;0,0;0,0;1,0
STA117;5114;50,28174172;6,528453428;643,0682909;15:49:52;07.05.2026;5572878,86;323918,741;594,9257871;0,021303;0,021911;0,024257;0,0;0,0;0,0;0,022514;0,021903;0,023054;-5,28506e-05;0,001448;4,39058e-05;1,9932385707686875;0,99;1,73;0,62;ppp_float;5,0;0,0;6,0;0,0;0,0;0,0;1,0
STA118;5115;50,28174924;6,528469494;642,9172932;15:49:53;07.05.2026;5572879,658;323919,9132;594,7747971;0,020975;0,021979;0,024127;0,0;0,0;0,0;0,02227;0,021966;0,022845;-8,72511e-05;0,001543;7,24842e-05;1,9932385707686875;0,99;1,73;0,59;ppp_float;5,0;0,0;6,0;0,0;0,0;0,0;1,0
STA119;5116;50,28175753;6,528485429;642,7450195;15:49:54;07.05.2026;5572880,542;323921,0789;594,6025317;0,020679;0,021952;0,023971;0,0;0,0;0,0;0,022033;0,021935;0,022633;-0,000111;0,00161;9,18799e-05;1,9688829320200834;0,94;1,73;0,62;ppp_float;6,0;0,0;6,0;0,0;0,0;0,0;1,0
STA120;5117;50,28176393;6,528501424;642,7118948;15:49:55;07.05.2026;5572881,215;323922,242;594,5694139;0,020789;0,021792;0,024162;0,0;0,0;0,0;0,022174;0,021779;0,02279;-8,70894e-05;0,001651;7,23498e-05;2,0820182516010757;1,08;1,78;0,65;ppp_float;5,0;0,0;6,0;0,0;0,0;0,0;1,0
STA121;5118;50,28177154;6,528516672;642,5314987;15:49:56;07.05.2026;5572882,026;323923,3562;594,3890254;0,020783;0,02308;0,024151;0,0;0,0;0,0;0,022176;0,02305;0,022788;-0,0002;0,001641;0,000166;2,2996086623597503;1,31;1,89;0,61;ppp_convergence;4,0;0,0;6,0;0,0;0,0;0,0;1,0
STA122;5119;50,28177837;6,528532521;642,3748678;15:49:57;07.05.2026;5572882,747;323924,5105;594,2324018;0,021179;0,024062;0,023904;0,0;0,0;0,0;0,022313;0,024025;0,022806;-0,000251;0,001321;0,000208;2,2996086623597503;1,31;1,89;0,61;ppp_convergence;4,0;0,0;6,0;0,0;0,0;0,0;1,0
STA123;5120;50,28178527;6,528547852;642,1360701;15:49:58;07.05.2026;5572883,479;323925,6281;593,9936113;0,021158;0,024146;0,023821;0,0;0,0;0,0;0,022268;0,024108;0,022749;-0,00026;0,00129;0,000216;2,0820182516010757;1,08;1,78;0,67;ppp_convergence;5,0;0,0;6,0;0,0;0,0;0,0;1,0
STA124;5121;50,28179324;6,528564369;642,0641122;15:49:59;07.05.2026;5572884,325;323926,834;593,9216615;0,021202;0,023576;0,02458;0,0;0,0;0,0;0,0226;0,023545;0,023213;-0,000206;0,001645;0,000171;2,127580785775243;1,15;1,79;0,59;ppp_convergence;4,0;0,0;6,0;0,0;0,0;0,0;1,0
STA125;5122;50,28179988;6,528581699;641,9569218;15:50:00;07.05.2026;5572885,022;323928,093;593,8144783;0,019182;0,021271;0,03061;0,0;0,0;0,0;0,023865;0,021244;0,025954;-0,000181;0,005603;0,000151;2,377414562082095;1,36;1,95;0,61;ppp_convergence;4,0;0,0;5,0;0,0;0,0;0,0;1,0
STA126;5123;50,28180699;6,528597031;641,8786632;15:50:01;07.05.2026;5572885,776;323929,2115;593,736227;0,019604;0,021404;0,030288;0,0;0,0;0,0;0,02398;0,021381;0,025935;-0,000156;0,00524;0,00013;2,127580785775243;1,15;1,79;0,63;ppp_convergence;4,0;0,0;6,0;0,0;0,0;0,0;1,0
STA127;5124;50,28181418;6,528614623;641,7182103;15:50:02;07.05.2026;5572886,534;323930,4912;593,5757819;0,018211;0,020028;0,033834;0,0;0,0;0,0;0,024605;0,020005;0,027464;-0,000158;0,007668;0,000131;2,216167863678201;1,25;1,83;0,67;ppp_convergence;3,0;0,0;6,0;0,0;0,0;0,0;1,0
STA128;5125;50,28182275;6,528630397;641,4892308;15:50:03;07.05.2026;5572887,45;323931,6465;593,3468108;0,018068;0,019799;0,034957;0,0;0,0;0,0;0,024978;0,019777;0,02807;-0,00015;0,008291;0,000125;2,216167863678201;1,25;1,83;0,66;ppp_convergence;3,0;0,0;6,0;0,0;0,0;0,0;1,0
STA129;5126;50,28183058;6,5286465;641,5072814;15:50:04;07.05.2026;5572888,282;323932,8225;593,3648693;0,022411;0,02036;0,032136;0,0;0,0;0,0;0,026366;0,020387;0,028154;0,000178;0,004793;-0,000148;2,4166091947189146;1,16;2,12;0,69;ppp_convergence;5,0;0,0;4,0;0,0;0,0;0,0;1,0
STA130;5127;50,2818385;6,528662715;641,3438322;15:50:05;07.05.2026;5572889,124;323934,0068;593,2014282;0,022995;0,020654;0,031571;0,0;0,0;0,0;0,026479;0,020685;0,028057;0,000203;0,00423;-0,000169;2,127580785775243;1,15;1,79;0,64;ppp_convergence;4,0;0,0;6,0;0,0;0,0;0,0;1,0
STA131;5128;50,28184651;6,528679313;641,2361967;15:50:06;07.05.2026;5572889,976;323935,2187;593,0938009;0,021846;0,019749;0,03529;0,0;0,0;0,0;0,02732;0,019776;0,029789;0,000182;0,006621;-0,000151;2,377414562082095;1,36;1,95;0,63;ppp_convergence;4,0;0,0;5,0;0,0;0,0;0,0;1,0
STA132;5129;50,28185407;6,528695838;641,1010148;15:50:07;07.05.2026;5572890,777;323936,4238;592,9586268;0,020073;0,017937;0,039808;0,0;0,0;0,0;0,028115;0,017965;0,031738;0,000186;0,009714;-0,000154;2,216167863678201;1,25;1,83;0,67;ppp_convergence;3,0;0,0;6,0;0,0;0,0;0,0;1,0
STA133;5130;50,28186207;6,528710462;640,9974076;15:50:08;07.05.2026;5572891,631;323937,4951;592,8550274;0,019998;0,018113;0,039823;0,0;0,0;0,0;0,028079;0,018138;0,031718;0,000164;0,009757;-0,000136;2,083962571640863;1,1;1,77;0,64;ppp_convergence;4,0;0,0;6,0;0,0;0,0;0,0;1,0
STA134;5131;50,28186918;6,528725698;640,9414716;15:50:09;07.05.2026;5572892,386;323938,6066;592,7990988;0,019952;0,018246;0,03925;0,0;0,0;0,0;0,027819;0,018268;0,031361;0,000148;0,009496;-0,000123;1,9932385707686875;0,99;1,73;0,65;ppp_convergence;5,0;0,0;6,0;0,0;0,0;0,0;1,0
STA135;5132;50,28187709;6,528740661;640,8952992;15:50:10;07.05.2026;5572893,23;323939,7017;592,7529343;0,020096;0,018569;0,038238;0,0;0,0;0,0;0,027492;0,018588;0,030822;0,000133;0,008927;-0,00011;1,9932385707686875;0,99;1,73;0,67;ppp_convergence;0,0;0,0;0,0;0,0;0,0;0,0;1,0
STA136;5133;50,28188468;6,528755097;640,701822;15:50:11;07.05.2026;5572894,04;323940,7581;592,5594646;0,020128;0,018761;0,037455;0,0;0,0;0,0;0,027193;0,018779;0,030372;0,000119;0,008525;-9,86535e-05;1,9932385707686875;0,99;1,73;0,65;ppp_convergence;5,0;0,0;6,0;0,0;0,0;0,0;1,0
STA137;5134;50,28189366;6,528770189;640,5916599;15:50:12;07.05.2026;5572895,002;323941,8663;592,4493111;0,018991;0,017892;0,040101;0,0;0,0;0,0;0,027602;0,017906;0,031475;9,54419e-05;0,010383;-7,92884e-05;2,2004772209682155;1,11;1,9;0,61;ppp_convergence;6,0;0,0;5,0;0,0;0,0;0,0;1,0
STA138;5135;50,28190232;6,528784294;640,3730221;15:50:13;07.05.2026;5572895,932;323942,903;592,2306816;0,018919;0,017858;0,040762;0,0;0,0;0,0;0,02783;0,017872;0,031837;9,21532e-05;0,010743;-7,65562e-05;2,2004772209682155;1,11;1,9;0,66;ppp_convergence;6,0;0,0;5,0;0,0;0,0;0,0;1,0
STA139;5136;50,28191111;6,52879875;640,3428049;15:50:14;07.05.2026;5572896,875;323943,9652;592,2004728;0,019102;0,018198;0,041023;0,0;0,0;0,0;0,028046;0,018209;0,032067;7,85999e-05;0,01078;-6,52968e-05;2,26101747007846;1,21;1,91;0,6;ppp_convergence;5,0;0,0;5,0;0,0;0,0;0,0;1,0
STA140;5137;50,28191927;6,528814186;640,2709652;15:50:15;07.05.2026;5572897,746;323945,095;592,1286412;0,018943;0,018131;0,040603;0,0;0,0;0,0;0,027782;0,018141;0,031754;7,05956e-05;0,010651;-5,86473e-05;1,9932385707686875;0,99;1,73;0,61;ppp_convergence;5,0;0,0;6,0;0,0;0,0;0,0;1,0
STA141;5138;50,28192685;6,528829149;640,1350421;15:50:16;07.05.2026;5572898,553;323946,1888;591,9927257;0,018745;0,017828;0,040814;0,0;0,0;0,0;0,027749;0,01784;0,031797;7,96411e-05;0,010853;-6,61618e-05;2,0478769494283586;1,03;1,77;0,65;ppp_convergence;5,0;0,0;6,0;0,0;0,0;0,0;1,0
STA142;5139;50,28193456;6,528843451;640,0261478;15:50:17;07.05.2026;5572899,375;323947,2361;591,883839;0,018929;0,017975;0,040154;0,0;0,0;0,0;0,027589;0,017987;0,031482;8,29594e-05;0,010439;-6,89185e-05;2,0478769494283586;1,03;1,77;0,68;ppp_convergence;5,0;0,0;6,0;0,0;0,0;0,0;1,0
STA143;5140;50,28194296;6,528858389;639,8828853;15:50:18;07.05.2026;5572900,275;323948,3311;591,7405847;0,019154;0,0182;0,039347;0,0;0,0;0,0;0,027392;0,018213;0,031096;8,28546e-05;0,009931;-6,88313e-05;2,0478769494283586;1,03;1,77;0,63;ppp_convergence;5,0;0,0;6,0;0,0;0,0;0,0;1,0
STA144;5141;50,28195133;6,528873344;639,7850803;15:50:19;07.05.2026;5572901,17;323949,4273;591,6427879;0,019301;0,018363;0,038668;0,0;0,0;0,0;0,027202;0,018375;0,030755;8,14617e-05;0,009526;-6,76742e-05;2,0478769494283586;1,03;1,77;0,67;ppp_convergence;5,0;0,0;6,0;0,0;0,0;0,0;1,0
STA145;5142;50,28195983;6,528887739;639,5707067;15:50:20;07.05.2026;5572902,08;323950,4842;591,4284225;0,019288;0,01838;0,037928;0,0;0,0;0,0;0,026893;0,018392;0,030312;7,89364e-05;0,009168;-6,55762e-05;1,9736767719158068;0,95;1,73;0,64;ppp_convergence;6,0;0,0;6,0;0,0;0,0;0,0;1,0
STA146;5143;50,28196886;6,528902145;639,4742862;15:50:21;07.05.2026;5572903,05;323951,5436;591,3320105;0,018512;0,017629;0,040698;0,0;0,0;0,0;0,027565;0,01764;0,031634;7,67567e-05;0,01091;-6,37655e-05;2,305515126820902;1,23;1,95;0,67;ppp_convergence;5,0;0,0;5,0;0,0;0,0;0,0;1,0
STA147;5144;50,28197851;6,528916057;639,5028276;15:50:22;07.05.2026;5572904,09;323952,5703;591,3605609;0,017725;0,019427;0,040635;0,0;0,0;0,0;0,027093;0,019405;0,031289;-0,000148;0,01125;0,000123;2,2471537553091467;1,29;1,84;0,62;ppp_convergence;5,0;0,0;5,0;0,0;0,0;0,0;1,0
STA148;5145;50,28198677;6,528929056;639,4024387;15:50:23;07.05.2026;5572904,978;323953,5268;591,2601799;0,017796;0,020293;0,040169;0,0;0,0;0,0;0,026951;0,020261;0,031047;-0,000217;0,010981;0,00018;2,166679487141557;1,16;1,83;0,63;ppp_convergence;4,0;0,0;6,0;0,0;0,0;0,0;1,0
STA149;5146;50,28199538;6,528942031;639,2797901;15:50:24;07.05.2026;5572905,904;323954,4828;591,1375393;0,018381;0,020164;0,03948;0,0;0,0;0,0;0,02701;0,020141;0,030874;-0,000155;0,01036;0,000129;2,0478769494283586;1,03;1,77;0,61;ppp_convergence;5,0;0,0;6,0;0,0;0,0;0,0;1,0
STA150;5147;50,28200424;6,528954609;639,0940836;15:50:25;07.05.2026;5572906,86;323955,4115;590,951841;0,017626;0,019061;0,041937;0,0;0,0;0,0;0,027564;0,019042;0,032018;-0,000125;0,01194;0,000104;2,2004772209682155;1,11;1,9;0,62;ppp_convergence;6,0;0,0;5,0;0,0;0,0;0,0;1,0
STA151;5148;50,28201384;6,528966055;638,9498756;15:50:26;07.05.2026;5572907,9;323956,2623;590,8076416;0,017334;0,018586;0,042088;0,0;0,0;0,0;0,027451;0,01857;0,031987;-0,000109;0,012159;9,03493e-05;1,9736767719158068;0,95;1,73;0,63;ppp_convergence;6,0;0,0;6,0;0,0;0,0;0,0;1,0
STA152;5149;50,28202257;6,528979769;638,9014084;15:50:27;07.05.2026;5572908,838;323957,2714;590,7591826;0,017192;0,019813;0,040712;0,0;0,0;0,0;0,026816;0,019779;0,031122;-0,000228;0,011544;0,000189;2,0292116695899423;1,01;1,76;0,59;ppp_convergence;5,0;0,0;6,0;0,0;0,0;0,0;1,0
STA153;5150;50,28203105;6,528992969;638,8589764;15:50:28;07.05.2026;5572909,749;323958,243;590,7167586;0,017433;0,020302;0,039672;0,0;0,0;0,0;0,026535;0,020265;0,030606;-0,000249;0,010913;0,000207;2,0292116695899423;1,01;1,76;0,66;ppp_convergence;5,0;0,0;6,0;0,0;0,0;0,0;1,0
STA154;5151;50,28203925;6,529006264;638,7438413;15:50:29;07.05.2026;5572910,629;323959,2204;590,6016313;0,018387;0,021831;0,038396;0,0;0,0;0,0;0,026584;0,021787;0,030244;-0,000299;0,009813;0,000249;2,2996086623597503;1,31;1,89;0,64;ppp_convergence;4,0;0,0;6,0;0,0;0,0;0,0;1,0
STA155;5152;50,28204798;6,52901644;638,6255611;15:50:30;07.05.2026;5572911,575;323959,9775;590,4833589;0,018525;0,029788;0,035752;0,0;0,0;0,0;0,025645;0,029643;0,028777;-0,000979;0,008396;0,000813;2,969208648781692;2,29;1,89;0,56;ppp_convergence;4,0;0,0;5,0;0,0;0,0;0,0;1,0
STA156;5153;50,28205598;6,529029763;638,5742031;15:50:31;07.05.2026;5572912,434;323960,956;590,4320085;0,017686;0,033816;0,032235;0,0;0,0;0,0;0,02375;0,033608;0,026379;-0,001402;0,007048;0,001164;2,0292116695899423;1,01;1,76;0,62;ppp_convergence;5,0;0,0;6,0;0,0;0,0;0,0;1,0
STA157;5154;50,28206522;6,52904262;638,4386899;15:50:32;07.05.2026;5572913,431;323961,906;590,2965039;0,017848;0,030602;0,034754;0,0;0,0;0,0;0,024849;0,030437;0,027918;-0,001108;0,008229;0,000921;2,0292116695899423;1,01;1,76;0,57;ppp_convergence;5,0;0,0;6,0;0,0;0,0;0,0;1,0
STA158;5155;50,28207439;6,529055203;638,3386763;15:50:33;07.05.2026;5572914,42;323962,8362;590,1964987;0,017952;0,028765;0,035632;0,0;0,0;0,0;0,025254;0,028625;0,02847;-0,00094;0,008621;0,000781;1,9736767719158068;0,95;1,73;0,67;ppp_convergence;5,0;0,0;6,0;0,0;0,0;0,0;1,0
STA159;5156;50,28208321;6,529067636;638,2972304;15:50:34;07.05.2026;5572915,372;323963,7544;590,1550609;0,018095;0,029076;0,035838;0,0;0,0;0,0;0,025424;0,028934;0,028651;-0,000954;0,008652;0,000793;2,2471537553091467;1,29;1,84;0,63;ppp_convergence;5,0;0,0;5,0;0,0;0,0;0,0;1,0
STA160;5157;50,28209247;6,529079999;638,2164014;15:50:35;07.05.2026;5572916,371;323964,6693;590,0742403;0,01813;0,028565;0,036052;0,0;0,0;0,0;0,025528;0,02843;0,028789;-0,000907;0,008743;0,000753;2,0905740838343903;1,08;1,79;0,59;ppp_convergence;5,0;0,0;6,0;0,0;0,0;0,0;1,0
STA161;5158;50,28210198;6,529094138;638,0346236;15:50:36;07.05.2026;5572917,396;323965,7115;589,8924715;0,018332;0,027463;0,036651;0,0;0,0;0,0;0,025882;0,027345;0,029219;-0,000793;0,008946;0,000659;2,0905740838343903;1,08;1,79;0,66;ppp_convergence;5,0;0,0;6,0;0,0;0,0;0,0;1,0
STA162;5159;50,28211109;6,529107581;637,9434397;15:50:37;07.05.2026;5572918,376;323966,7028;589,8012961;0,018251;0,026343;0,036367;0,0;0,0;0,0;0,02571;0,026238;0,029012;-0,000703;0,008853;0,000584;1,850756602041446;0,98;1,57;0,67;ppp_convergence;6,0;0,0;6,0;0,0;0,0;0,0;1,0
STA163;5160;50,28212027;6,52912183;637,9700726;15:50:38;07.05.2026;5572919,363;323967,7517;589,8279376;0,018599;0,025902;0,03625;0,0;0,0;0,0;0,025862;0,025807;0,029081;-0,000635;0,00863;0,000527;2,0905740838343903;1,08;1,79;0,67;ppp_convergence;5,0;0,0;6,0;0,0;0,0;0,0;1,0
STA164;5161;50,28212927;6,529134565;637,7376099;15:50:39;07.05.2026;5572920,334;323968,692;589,5954832;0,018502;0,025148;0,035698;0,0;0,0;0,0;0,025575;0,025062;0,028712;-0,000578;0,00841;0,00048;1,8384776310850237;0,94;1,58;0,66;ppp_convergence;6,0;0,0;6,0;0,0;0,0;0,0;1,0
STA165;5162;50,28213807;6,529146903;637,6389875;15:50:40;07.05.2026;5572921,283;323969,6034;589,4968689;0,017614;0,024514;0,035797;0,0;0,0;0,0;0,025091;0,024425;0,028409;-0,0006;0,008894;0,000498;1,8134221791960086;0,89;1,58;0,66;ppp_convergence;7,0;0,0;6,0;0,0;0,0;0,0;1,0
STA166;5163;50,28214787;6,529160692;637,5745643;15:50:41;07.05.2026;5572922,34;323970,6219;589,4324548;0,017892;0,024744;0,035401;0,0;0,0;0,0;0,025094;0,024655;0,028287;-0,000595;0,008563;0,000495;2,09246266394409;1,22;1,7;0,66;ppp_convergence;5,0;0,0;6,0;0,0;0,0;0,0;1,0
STA167;5164;50,2821572;6,529174416;637,5482716;15:50:42;07.05.2026;5572923,344;323971,6339;589,4061708;0,017739;0,02432;0,034981;0,0;0,0;0,0;0,02483;0,024235;0,027975;-0,000572;0,008433;0,000475;1,873018953454556;0,99;1,59;0,69;ppp_convergence;5,0;0,0;6,0;0,0;0,0;0,0;1,0
STA168;5165;50,28216432;6,5291922;637,4169234;15:50:43;07.05.2026;5572924,093;323972,927;589,2748302;0,016366;0,026709;0,034265;0,0;0,0;0,0;0,023754;0,026575;0,027011;-0,000899;0,008732;0,000747;2,086144769664848;1,12;1,76;0,69;ppp_convergence;5,0;0,0;5,0;0,0;0,0;0,0;1,0
STA169;5166;50,28217034;6,529207328;637,2390821;15:50:44;07.05.2026;5572924,727;323974,0268;589,0969954;0,016259;0,031947;0,029288;0,0;0,0;0,0;0,021699;0,031744;0,02405;-0,001363;0,006304;0,001133;1,9736767719158068;0,95;1,73;0,69;ppp_convergence;6,0;0,0;6,0;0,0;0,0;0,0;1,0
STA170;5167;50,28217399;6,529225031;637,0788968;15:50:45;07.05.2026;5572925,091;323975,3014;588,9368154;0,016731;0,028372;0,032199;0,0;0,0;0,0;0,023136;0,028221;0,025945;-0,001012;0,007529;0,00084;1,9736767719158068;0,95;1,73;0,72;ppp_convergence;6,0;0,0;6,0;0,0;0,0;0,0;1,0
STA171;5168;50,28217669;6,52924454;636,9851874;15:50:46;07.05.2026;5572925,345;323976,701;588,8431107;0,017053;0,026723;0,033198;0,0;0,0;0,0;0,02372;0,026598;0,026657;-0,00084;0,007874;0,000698;1,9736767719158068;0,95;1,73;0,72;ppp_convergence;6,0;0,0;6,0;0,0;0,0;0,0;1,0
STA172;5169;50,28217799;6,529262877;636,7847623;15:50:47;07.05.2026;5572925,447;323978,012;588,6426891;0,017193;0,025577;0,03383;0,0;0,0;0,0;0,024051;0,025469;0,027081;-0,000729;0,008124;0,000605;1,9736767719158068;0,95;1,73;0,72;ppp_convergence;6,0;0,0;6,0;0,0;0,0;0,0;1,0
STA173;5170;50,2821782;6,529281551;636,667022;15:50:48;07.05.2026;5572925,426;323979,3431;588,5249517;0,017113;0,024649;0,034459;0,0;0,0;0,0;0,024253;0,024552;0,027416;-0,000655;0,008478;0,000544;1,9736767719158068;0,95;1,73;0,69;ppp_convergence;6,0;0,0;6,0;0,0;0,0;0,0;1,0
STA174;5171;50,28217722;6,529299238;636,5777258;15:50:49;07.05.2026;5572925,275;323980,5994;588,4356574;0,015985;0,022698;0,038538;0,0;0,0;0,0;0,025246;0,022611;0,029365;-0,000583;0,011043;0,000485;2,2004772209682155;1,11;1,9;0,65;ppp_convergence;6,0;0,0;5,0;0,0;0,0;0,0;1,0
STA175;5172;50,28217608;6,529317763;636,4273213;15:50:50;07.05.2026;5572925,105;323981,9148;588,2852547;0,017526;0,022271;0,038045;0,0;0,0;0,0;0,025941;0,022209;0,029692;-0,000412;0,010056;0,000343;2,133283853592859;0,97;1,9;0,69;ppp_convergence;5,0;0,0;6,0;0,0;0,0;0,0;1,0
STA176;5173;50,28217341;6,52933533;636,3492429;15:50:51;07.05.2026;5572924,766;323983,1563;588,207177;0,018142;0,022623;0,037564;0,0;0,0;0,0;0,026107;0,022565;0,029657;-0,000389;0,009518;0,000324;2,133283853592859;0,97;1,9;0,65;ppp_convergence;5,0;0,0;6,0;0,0;0,0;0,0;1,0
STA177;5174;50,28217002;6,529353692;636,1580843;15:50:52;07.05.2026;5572924,346;323984,4518;588,0160185;0,018437;0,022894;0,037372;0,0;0,0;0,0;0,026203;0,022836;0,029664;-0,000387;0,009279;0,000322;2,133283853592859;0,97;1,9;0,68;ppp_convergence;5,0;0,0;6,0;0,0;0,0;0,0;1,0
STA178;5175;50,28216445;6,529371265;636,0934649;15:50:53;07.05.2026;5572923,685;323985,6831;587,9513977;0,017765;0,021877;0,043204;0,0;0,0;0,0;0,028184;0,021824;0,032838;-0,000357;0,012478;0,000297;2,7496363395911105;1,46;2,33;0,66;ppp_convergence;4,0;0,0;5,0;0,0;0,0;0,0;1,0
STA179;5176;50,28215829;6,529388529;635,8423383;15:50:54;07.05.2026;5572922,959;323986,8901;587,7002691;0,017011;0,020751;0,044793;0,0;0,0;0,0;0,028384;0,020703;0,033469;-0,000325;0,013632;0,00027;2,0169283576765933;1,02;1,74;0,71;ppp_convergence;5,0;0,0;6,0;0,0;0,0;0,0;1,0
STA180;5177;50,28215128;6,529404412;635,7415631;15:50:55;07.05.2026;5572922,142;323987,9957;587,5994911;0,016977;0,021127;0,044101;0,0;0,0;0,0;0,028084;0,021073;0,033048;-0,000361;0,013306;0,0003;2,0169283576765933;1,02;1,74;0,67;ppp_convergence;5,0;0,0;6,0;0,0;0,0;0,0;1,0
STA181;5178;50,28214293;6,529417128;635,4883565;15:50:56;07.05.2026;5572921,184;323988,8707;587,3462804;0,016699;0,02097;0,04361;0,0;0,0;0,0;0,02772;0,020915;0,032644;-0,000371;0,0132;0,000308;1,898552079875609;0,99;1,62;0,61;ppp_convergence;6,0;0,0;6,0;0,0;0,0;0,0;1,0
STA182;5179;50,28213467;6,529430521;635,4305795;15:50:57;07.05.2026;5572920,234;323989,7943;587,2884994;0,016052;0,021085;0,043229;0,0;0,0;0,0;0,027187;0,02102;0,032158;-0,000437;0,013326;0,000363;1,898552079875609;0,99;1,62;0,79;ppp_convergence;6,0;0,0;6,0;0,0;0,0;0,0;1,0
STA183;5180;50,28212594;6,529444059;635,2916685;15:50:58;07.05.2026;5572919,231;323990,7264;587,149584;0,01577;0,021038;0,042315;0,0;0,0;0,0;0,02665;0,02097;0,031504;-0,000458;0,013014;0,00038;1,8221415971323416;0,89;1,59;0,79;ppp_convergence;7,0;0,0;6,0;0,0;0,0;0,0;1,0
STA184;5181;50,28211697;6,529456038;635,1888432;15:50:59;07.05.2026;5572918,206;323991,5467;587,046754;0,015693;0,021129;0,041118;0,0;0,0;0,0;0,026117;0,021059;0,030765;-0,000472;0,012462;0,000392;1,8221415971323416;0,89;1,59;0,74;ppp_convergence;7,0;0,0;6,0;0,0;0,0;0,0;1,0
STA185;5182;50,28210772;6,529467704;635,044247;15:51:00;07.05.2026;5572917,151;323992,3436;586,9021528;0,016435;0,021126;0,04025;0,0;0,0;0,0;0,026195;0,021065;0,03055;-0,000408;0,011676;0,000339;2,0169283576765933;1,02;1,74;0,81;ppp_convergence;5,0;0,0;6,0;0,0;0,0;0,0;1,0
STA186;5183;50,28209889;6,529478992;635,0313559;15:51:01;07.05.2026;5572916,142;323993,1151;586,8892569;0,021194;0,019515;0,039415;0,0;0,0;0,0;0,028621;0,019536;0,031966;0,000146;0,008967;-0,000121;2,410684550081159;1,05;2,17;0,7;ppp_convergence;6,0;0,0;5,0;0,0;0,0;0,0;1,0
STA187;5184;50,28208964;6,529489145;634,9024709;15:51:02;07.05.2026;5572915,09;323993,8042;586,7603668;0,020907;0,019024;0,04106;0,0;0,0;0,0;0,029122;0,019048;0,032821;0,000164;0,009918;-0,000136;2,1695391215647626;1,1;1,87;0,75;ppp_convergence;6,0;0,0;5,0;0,0;0,0;0,0;1,0
STA188;5185;50,28207924;6,529497862;634,8428607;15:51:03;07.05.2026;5572913,913;323994,3868;586,7007504;0,018999;0,01967;0,042003;0,0;0,0;0,0;0,028397;0,019661;0,032613;-5,82708e-05;0,011303;4,84082e-05;1,961045639448506;0,96;1,71;0,7;ppp_convergence;5,0;0,0;6,0;0,0;0,0;0,0;1,0
STA189;5186;50,28206853;6,52950446;634,7109928;15:51:04;07.05.2026;5572912,707;323994,8173;586,5688757;0,018512;0,020332;0,041574;0,0;0,0;0,0;0,027942;0,020308;0,032166;-0,000158;0,011324;0,000131;1,989572818471342;1,0;1,72;0,75;ppp_convergence;4,0;0,0;6,0;0,0;0,0;0,0;1,0
STA190;5187;50,28205701;6,529510643;634,5959717;15:51:05;07.05.2026;5572911,412;323995,2152;586,4538472;0,018465;0,020758;0,040915;0,0;0,0;0,0;0,02765;0,020728;0,03176;-0,000199;0,01102;0,000166;1,989572818471342;1,0;1,72;0,75;ppp_convergence;4,0;0,0;6,0;0,0;0,0;0,0;1,0
STA191;5188;50,28204598;6,529513903;634,4147636;15:51:06;07.05.2026;5572910,178;323995,4068;586,2726315;0,018353;0,020984;0,040399;0,0;0,0;0,0;0,027375;0,02095;0,031411;-0,000229;0,010819;0,00019;1,9659603251337499;0,97;1,71;0,78;ppp_convergence;5,0;0,0;6,0;0,0;0,0;0,0;1,0
STA192;5189;50,28203428;6,52951798;634,3414148;15:51:07;07.05.2026;5572908,867;323995,654;586,199275;0,018154;0,020991;0,040068;0,0;0,0;0,0;0,027124;0,020954;0,031135;-0,000247;0,010753;0,000205;1,9465353837010002;0,93;1,71;0,77;ppp_convergence;6,0;0,0;6,0;0,0;0,0;0,0;1,0
STA193;5190;50,28202238;6,52952205;634,2524519;15:51:08;07.05.2026;5572907,535;323995,9001;586,1103041;0,017955;0,02099;0,039905;0,0;0,0;0,0;0,026942;0,02095;0,030959;-0,000264;0,01077;0,000219;1,969771560359221;0,96;1,72;0,74;ppp_convergence;5,0;0,0;6,0;0,0;0,0;0,0;1,0
STA194;5191;50,28201066;6,529525212;634,1870949;15:51:09;07.05.2026;5572906,224;323996,0821;586,044939;0,017851;0,02109;0,039561;0,0;0,0;0,0;0,026741;0,021048;0,030713;-0,000281;0,01065;0,000234;1,9659603251337499;0,97;1,71;0,85;ppp_convergence;5,0;0,0;6,0;0,0;0,0;0,0;1,0
STA195;5192;50,28199839;6,529529063;634,0507584;15:51:10;07.05.2026;5572904,851;323996,3111;585,9085943;0,018454;0,021009;0,039084;0,0;0,0;0,0;0,026897;0,020976;0,030674;-0,000222;0,010124;0,000184;2,0378910667648555;1,01;1,77;0,83;ppp_convergence;4,0;0,0;5,0;0,0;0,0;0,0;1,0
STA196;5193;50,28198601;6,52953156;633,9397906;15:51:11;07.05.2026;5572903,468;323996,4433;585,7976179;0,018641;0,021052;0,038851;0,0;0,0;0,0;0,026912;0,021021;0,030611;-0,00021;0,009918;0,000174;2,01933157257544;0,99;1,76;0,78;ppp_convergence;5,0;0,0;5,0;0,0;0,0;0,0;1,0
STA197;5194;50,28197451;6,529534431;633,9249432;15:51:12;07.05.2026;5572902,184;323996,6054;585,7827627;0,018515;0,021345;0,038478;0,0;0,0;0,0;0,026688;0,021308;0,030342;-0,000246;0,009794;0,000204;1,989572818471342;1,0;1,72;0,8;ppp_convergence;4,0;0,0;6,0;0,0;0,0;0,0;1,0
STA198;5195;50,2819616;6,529538308;633,7373491;15:51:13;07.05.2026;5572900,739;323996,8339;585,5951599;0,018464;0,021336;0,038629;0,0;0,0;0,0;0,02672;0,021299;0,03041;-0,00025;0,009893;0,000207;2,0342074623793907;1,02;1,76;0,81;ppp_convergence;4,0;0,0;5,0;0,0;0,0;0,0;1,0
STA199;5196;50,28194992;6,529541938;633,6106761;15:51:14;07.05.2026;5572899,432;323997,0494;585,4684789;0,018403;0,021503;0,037721;0,0;0,0;0,0;0,026315;0,021463;0,029849;-0,000269;0,009476;0,000224;1,8470787747142785;0,94;1,59;0,7;ppp_convergence;6,0;0,0;6,0;0,0;0,0;0,0;1,0
STA200;5197;50,28193804;6,529543727;633,3173395;15:51:15;07.05.2026;5572898,107;323997,133;585,175134;0,017997;0,02144;0,037478;0,0;0,0;0,0;0,025978;0,021395;0,029542;-0,000299;0,009553;0,000249;1,8677526602845465;0,98;1,59;0,71;ppp_convergence;5,0;0,0;6,0;0,0;0,0;0,0;1,0
STA201;5198;50,28192565;6,529545555;633,3667206;15:51:16;07.05.2026;5572896,725;323997,2176;585,2245065;0,018285;0,024225;0,036554;0,0;0,0;0,0;0,02579;0,024149;0,029125;-0,000516;0,008942;0,000429;2,3260696464207604;1,41;1,85;0,82;ppp_convergence;4,0;0,0;5,0;0,0;0,0;0,0;1,0
STA202;5199;50,28191316;6,529547203;633,3494522;15:51:17;07.05.2026;5572895,333;323997,2889;585,2072293;0,019491;0,025082;0,037862;0,0;0,0;0,0;0,027035;0,025009;0,03039;-0,000486;0,008994;0,000404;2,4613207836444237;1,3;2,09;0,77;ppp_convergence;3,0;0,0;4,0;0,0;0,0;0,0;1,0
STA203;5200;50,28190173;6,529548874;633,224926;15:51:18;07.05.2026;5572894,059;323997,3657;585,0826952;0,021389;0,024292;0,03887;0,0;0,0;0,0;0,028549;0,024254;0,031747;-0,000252;0,008574;0,00021;2,2542404485768595;1,04;2,0;0,74;ppp_convergence;4,0;0,0;5,0;0,0;0,0;0,0;1,0
STA204;5201;50,28188948;6,529551788;633,1755221;15:51:19;07.05.2026;5572892,69;323997,5281;585,0332829;0,022819;0,024963;0,0396;0,0;0,0;0,0;0,029688;0,024935;0,032759;-0,000186;0,008234;0,000155;2,4113896408502713;1,22;2,08;0,71;ppp_convergence;3,0;0,0;5,0;0,0;0,0;0,0;1,0
STA205;5202;50,28187746;6,529552709;632,9837924;15:51:20;07.05.2026;5572891,351;323997,5494;584,8415446;0,034972;0,020795;0,041118;0,0;0,0;0,0;0,037373;0,020979;0,038534;0,001232;0,003111;-0,001024;3,218648784816386;1,14;3,01;0,7;ppp_convergence;4,0;0,0;4,0;0,0;0,0;0,0;1,0
STA206;5203;50,28186548;6,52955423;632,8632014;15:51:21;07.05.2026;5572890,016;323997,6136;584,7209452;0,039975;0,021697;0,043994;0,0;0,0;0,0;0,041476;0,021934;0,042257;0,001588;0,002092;-0,00132;3,1487457820535463;1,25;2,89;0,7;ppp_convergence;3,0;0,0;4,0;0,0;0,0;0,0;1,0
STA207;5204;50,28185374;6,529556442;632,5013358;15:51:22;07.05.2026;5572888,705;323997,7277;584,3590715;0,040186;0,022072;0,043698;0,0;0,0;0,0;0,041481;0,022306;0,042168;0,001574;0,001841;-0,001308;2,0271408436514715;0,97;1,78;0,77;ppp_convergence;6,0;0,0;4,0;0,0;0,0;0,0;1,0
STA208;5205;50,2818404;6,529557893;632,4701813;15:51:23;07.05.2026;5572887,219;323997,782;584,3279076;0,040617;0,022884;0,042956;0,0;0,0;0,0;0,041437;0,023114;0,041908;0,001541;0,001262;-0,00128;2,0280532537386686;0,99;1,77;0,8;ppp_convergence;6,0;0,0;4,0;0,0;0,0;0,0;1,0
STA209;5206;50,28182746;6,529559539;632,4613536;15:51:24;07.05.2026;5572885,777;323997,8514;584,3190708;0,043518;0,023343;0,041719;0,0;0,0;0,0;0,042629;0,023604;0,042347;0,001753;-0,000756;-0,001457;2,2330472453577865;1,07;1,96;0,79;ppp_convergence;5,0;0,0;4,0;0,0;0,0;0,0;1,0
STA210;5207;50,28181459;6,529562491;632,1956912;15:51:25;07.05.2026;5572884,338;323998,0142;584,0533995;0,063802;0,020724;0,048163;0,0;0,0;0,0;0,057086;0,021281;0,054321;0,003744;-0,007413;-0,00311;4,510931167730228;1,62;4,21;1,34;ppp_convergence;5,0;0,0;4,0;0,0;0,0;0,0;1,0
STA211;5208;50,2818023;6,529562948;632,1552771;15:51:26;07.05.2026;5572882,971;323998,0014;584,0129767;0,06963;0,018358;0,04961;0,0;0,0;0,0;0,061062;0,019021;0,057514;0,004456;-0,009515;-0,003702;2,4821361767638774;1,13;2,21;1,08;ppp_convergence;5,0;0,0;5,0;0,0;0,0;0,0;1,0
STA212;5209;50,28179173;6,529567824;631,7373848;15:51:27;07.05.2026;5572881,785;323998,3098;583,5950775;0,077795;0,018012;0,059709;0,0;0,0;0,0;0,069952;0,018785;0,066778;0,005195;-0,00851;-0,004316;3,826081546438863;1,35;3,58;0,89;ppp_convergence;1,0;0,0;5,0;0,0;0,0;0,0;1,0
STA213;5210;50,28177946;6,529570037;631,7888547;15:51:28;07.05.2026;5572880,415;323998,4222;583,6465389;0,088288;0,02009;0,064721;0,0;0,0;0,0;0,078142;0,020972;0,073984;0,005927;-0,01115;-0,004924;3,999324943037262;1,39;3,75;0,93;ppp_convergence;1,0;0,0;4,0;0,0;0,0;0,0;1,0
STA214;5211;50,28176683;6,529572778;631,6408585;15:51:29;07.05.2026;5572879,005;323998,5709;583,498534;0,089914;0,020373;0,071435;0,0;0,0;0,0;0,081836;0,021273;0,078613;0,006043;-0,008641;-0,00502;3,110771608459869;1,2;2,87;0,85;ppp_convergence;3,0;0,0;5,0;0,0;0,0;0,0;1,0
STA215;5212;50,28175423;6,529575198;631,5071741;15:51:30;07.05.2026;5572877,599;323998,6968;583,3648408;0,094657;0,021417;0,072749;0,0;0,0;0,0;0,085151;0,022364;0,081308;0,006365;-0,010303;-0,005288;3,0807953518531543;1,12;2,87;0,9;ppp_convergence;4,0;0,0;5,0;0,0;0,0;0,0;1,0
STA216;5213;50,28174214;6,52957826;631,4000549;15:51:31;07.05.2026;5572876,247;323998,8703;583,2577134;0,098323;0,022124;0,074554;0,0;0,0;0,0;0,088034;0,023109;0,083857;0,006622;-0,011199;-0,005501;3,0807953518531543;1,12;2,87;0,76;ppp_convergence;4,0;0,0;5,0;0,0;0,0;0,0;1,0
STA217;5214;50,28172972;6,529580638;631,3810433;15:51:32;07.05.2026;5572874,861;323998,9938;583,2386932;0,106424;0,022945;0,080033;0,0;0,0;0,0;0,095009;0,024024;0,090368;0,007255;-0,012441;-0,006027;3,9104219721150297;1,35;3,67;0,8;ppp_convergence;3,0;0,0;4,0;0,0;0,0;0,0;1,0
STA218;5215;50,28171677;6,529585574;631,4862246;15:51:33;07.05.2026;5572873,41;323999,2977;583,3438659;0,104875;0,022438;0,079008;0,0;0,0;0,0;0,093681;0,023504;0,089135;0,007164;-0,01219;-0,005951;2,0309603639657765;1,08;1,72;0,76;ppp_convergence;3,0;0,0;6,0;0,0;0,0;0,0;1,0
STA219;5216;50,28170538;6,52958953;631,1435968;15:51:34;07.05.2026;5572872,134;323999,5374;583,0012304;0,102508;0,022377;0,077982;0,0;0,0;0,0;0,09188;0,023414;0,087574;0,006964;-0,011546;-0,005785;1,9946177578674065;1,01;1,72;0,9;ppp_convergence;4,0;0,0;6,0;0,0;0,0;0,0;1,0
STA220;5217;50,28169419;6,529594606;630,9497779;15:51:35;07.05.2026;5572870,878;323999,8578;582,8074042;0,100547;0,022187;0,076799;0,0;0,0;0,0;0,09025;0,023201;0,086083;0,00681;-0,011174;-0,005657;1,9946177578674065;1,01;1,72;0,82;ppp_convergence;4,0;0,0;6,0;0,0;0,0;0,0;1,0
STA221;5218;50,28168194;6,529597681;630,8735937;15:51:36;07.05.2026;5572869,508;324000,0316;582,7312116;0,098816;0,021978;0,075608;0,0;0,0;0,0;0,088751;0,022971;0,084679;0,006677;-0,010919;-0,005547;1,9946177578674065;1,01;1,72;0,82;ppp_convergence;4,0;0,0;6,0;0,0;0,0;0,0;1,0
STA222;5219;50,28167006;6,529602403;630,8007869;15:51:37;07.05.2026;5572868,177;324000,3242;582,658397;0,097259;0,021743;0,074488;0,0;0,0;0,0;0,087383;0,02272;0,083388;0,006563;-0,010713;-0,005452;1,9946177578674065;1,01;1,72;0,85;ppp_convergence;4,0;0,0;6,0;0,0;0,0;0,0;1,0
STA223;5220;50,28165762;6,529609772;630,6964466;15:51:38;07.05.2026;5572866,776;324000,8032;582,5540488;0,098187;0,021781;0,075129;0,0;0,0;0,0;0,088187;0,022769;0,084141;0,00664;-0,010848;-0,005516;2,52253840406841;1,16;2,24;0,8;ppp_convergence;4,0;0,0;5,0;0,0;0,0;0,0;1,0
STA224;5221;50,28164679;6,529617499;630,5487802;15:51:39;07.05.2026;5572865,554;324001,3137;582,4063756;0,104021;0,019386;0,075358;0,0;0,0;0,0;0,091669;0,020481;0,086615;0,007355;-0,013551;-0,00611;2,556345047132722;1,5;2,07;0,86;ppp_convergence;2,0;0,0;5,0;0,0;0,0;0,0;1,0
STA225;5222;50,28163428;6,529623861;630,6250456;15:51:40;07.05.2026;5572864,148;324001,7207;582,482633;0,106191;0,01858;0,076016;0,0;0,0;0,0;0,093199;0,019713;0,087875;0,007614;-0,014275;-0,006325;2,3048861143232218;1,11;2,02;0,85;ppp_convergence;3,0;0,0;5,0;0,0;0,0;0,0;1,0
STA226;5223;50,28162303;6,529631197;630,7903703;15:51:41;07.05.2026;5572862,881;324002,2018;582,6479506;0,111474;0,0167;0,078473;0,0;0,0;0,0;0,097273;0,017926;0,091448;0,008236;-0,015619;-0,006842;2,555484298523472;1,23;2,24;1,05;ppp_convergence;2,0;0,0;5,0;0,0;0,0;0,0;1,0
STA227;5224;50,28161237;6,529639913;630,7140412;15:51:42;07.05.2026;5572861,674;324002,7834;582,5716151;0,187277;0,026961;0,126636;0,0;0,0;0,0;0,161289;0,029034;0,150552;0,013932;-0,028788;-0,011574;10,508648818949085;3,41;9,94;0,89;ppp_convergence;3,0;0,0;3,0;0,0;0,0;0,0;1,0
STA228;5225;50,28160085;6,52964617;631,0146635;15:51:43;07.05.2026;5572860,379;324003,1866;582,87223;0,18537;0,023877;0,121163;0,0;0,0;0,0;0,157916;0,025966;0,146528;0,014034;-0,030533;-0,011659;1,9053608582103285;1,2;1,48;1,13;ppp_convergence;4,0;0,0;6,0;0,0;0,0;0,0;1,0
STA229;5226;50,2815915;6,529656565;630,8824797;15:51:44;07.05.2026;5572859,315;324003,8926;582,740041;0,184328;0,022868;0,1199;0,0;0,0;0,0;0,156784;0,024956;0,145356;0,014031;-0,030642;-0,011657;2,515909378336191;1,43;2,07;1,06;ppp_convergence;2,0;0,0;6,0;0,0;0,0;0,0;1,0
STA230;5227;50,28158357;6,529669843;630,6377765;15:51:45;07.05.2026;5572858,402;324004,8092;582,495334;0,184262;0,022984;0,11854;0,0;0,0;0,0;0,156191;0,02507;0,144526;0,014016;-0,031279;-0,011644;2,4782453470146977;1,16;2,19;0,79;ppp_convergence;4,0;0,0;5,0;0,0;0,0;0,0;1,0
STA231;5228;50,28157576;6,529684705;630,3033439;15:51:46;07.05.2026;5572857,499;324005,8391;582,1608979;0,213023;0,020684;0,123482;0,0;0,0;0,0;0,174989;0,023171;0,15903;0,016715;-0,042789;-0,013886;4,668747155286951;2,34;4,04;0,97;ppp_convergence;5,0;0,0;3,0;0,0;0,0;0,0;1,0
STA232;5229;50,2815676;6,529696005;630,6143798;15:51:47;07.05.2026;5572856,565;324006,614;582,4719295;0,210278;0,018928;0,121156;0,0;0,0;0,0;0,172422;0,021403;0,156538;0,016629;-0,04259;-0,013815;1,708156901458411;0,87;1,47;0,98;ppp_convergence;6,0;0,0;6,0;0,0;0,0;0,0;1,0
STA233;5230;50,28156084;6,529708797;630,5729578;15:51:48;07.05.2026;5572855,783;324007,5003;582,4305045;0,21863;0,018789;0,127088;0,0;0,0;0,0;0,179721;0,021373;0,163413;0,017367;-0,043725;-0,014428;3,555348084224666;1,59;3,18;1,26;ppp_convergence;6,0;0,0;4,0;0,0;0,0;0,0;1,0
STA234;5231;50,2815546;6,529722558;630,616181;15:51:49;07.05.2026;5572855,056;324008,4575;582,4737252;0,22184;0,017775;0,127051;0,0;0,0;0,0;0,181572;0,020414;0,16468;0,017734;-0,045294;-0,014733;2,598865136939583;1,21;2,3;1,22;ppp_convergence;5,0;0,0;5,0;0,0;0,0;0,0;1,0
STA235;5232;50,28154635;6,529735535;630,8992263;15:51:50;07.05.2026;5572854,109;324009,3515;582,7567664;0,223063;0,017879;0,128338;0,0;0,0;0,0;0,182813;0,020532;0,165934;0,017831;-0,045256;-0,014814;2,6720029940102985;1,36;2,3;1,27;ppp_convergence;4,0;0,0;5,0;0,0;0,0;0,0;1,0
STA236;5233;50,2815424;6,529751491;630,8147773;15:51:51;07.05.2026;5572853,632;324010,4736;582,6723169;0,25096;0,017103;0,154024;0,0;0,0;0,0;0,209588;0,020127;0,192372;0,020323;-0,04616;-0,016884;5,8369940894265095;2,01;5,48;1,28;ppp_convergence;3,0;0,0;3,0;0,0;0,0;0,0;1,0
STA237;5234;50,28153747;6,529766104;630,7489309;15:51:52;07.05.2026;5572853,05;324011,4963;582,6064691;0,258946;0,017487;0,176768;0,0;0,0;0,0;0,223542;0,020609;0,20905;0,020984;-0,038858;-0,017433;4,719258416319241;1,83;4,35;1,08;ppp_convergence;4,0;0,0;4,0;0,0;0,0;0,0;1,0
STA238;5235;50,28153333;6,529781687;631,0336962;15:51:53;07.05.2026;5572852,553;324012,5912;582,8912336;0,260785;0,017904;0,180324;0,0;0,0;0,0;0,226071;0,021045;0,211897;0,021108;-0,038005;-0,017535;3,1031113418631953;1,18;2,87;1,06;ppp_convergence;4,0;0,0;5,0;0,0;0,0;0,0;1,0
STA239;5236;50,28153301;6,529795049;630,7768856;15:51:54;07.05.2026;5572852,485;324013,5418;582,6344247;0,265537;0,018023;0,187176;0,0;0,0;0,0;0,231645;0,021224;0,217867;0,02151;-0,036943;-0,01787;3,5747587331175232;1,3;3,33;1,05;ppp_convergence;3,0;0,0;5,0;0,0;0,0;0,0;1,0
STA240;5237;50,28152959;6,529809341;630,4097527;15:51:55;07.05.2026;5572852,071;324014,5473;582,2672914;0,270025;0,018385;0,192857;0,0;0,0;0,0;0,236588;0,02164;0,223039;0,021869;-0,03633;-0,018168;3,5747587331175232;1,3;3,33;1,04;ppp_convergence;3,0;0,0;5,0;0,0;0,0;0,0;1,0
STA241;5238;50,28152702;6,529827673;630,3860713;15:51:56;07.05.2026;5572851,742;324015,8437;582,2436108;0,274876;0,01896;0,201967;0,0;0,0;0,0;0,243146;0,02227;0,230387;0,02224;-0,03421;-0,018476;3,947708195903036;1,62;3,6;1,05;ppp_convergence;3,0;0,0;4,0;0,0;0,0;0,0;1,0
STA242;5239;50,28152527;6,529844023;630,3859128;15:51:57;07.05.2026;5572851,509;324017,002;582,2434534;0,277981;0,019285;0,205951;0,0;0,0;0,0;0,246589;0,02263;0,233998;0,022482;-0,03376;-0,018677;3,546448928153344;1,22;3,33;0,91;ppp_convergence;4,0;0,0;5,0;0,0;0,0;0,0;1,0
STA243;5240;50,28152387;6,5298621;630,4306802;15:51:58;07.05.2026;5572851,311;324018,2845;582,2882224;0,281761;0,019651;0,208697;0,0;0,0;0,0;0,24992;0,02304;0,237148;0,022779;-0,034247;-0,018924;3,5747587331175232;1,3;3,33;1,25;ppp_convergence;3,0;0,0;5,0;0,0;0,0;0,0;1,0
STA244;5241;50,28152388;6,529880515;630,3696506;15:51:59;07.05.2026;5572851,268;324019,5964;582,2271954;0,285132;0,019971;0,2111;0,0;0,0;0,0;0,252873;0,0234;0,23993;0,023044;-0,034704;-0,019144;3,5747587331175232;1,3;3,33;0,96;ppp_convergence;3,0;0,0;5,0;0,0;0,0;0,0;1,0
STA245;5242;50,28152667;6,529898329;630,3233347;15:52:00;07.05.2026;5572851,536;324020,8756;582,1808841;0,288173;0,020254;0,21573;0,0;0,0;0,0;0,256542;0,023719;0,243897;0,023284;-0,033905;-0,019343;3,753531670307312;1,33;3,51;1,06;ppp_convergence;4,0;0,0;4,0;0,0;0,0;0,0;1,0
STA246;5243;50,28152894;6,529916611;630,2773974;15:52:01;07.05.2026;5572851,746;324022,1863;582,1349511;0,290761;0,020375;0,217286;0,0;0,0;0,0;0,258689;0,023872;0,245861;0,023498;-0,034396;-0,019522;3,546448928153344;1,22;3,33;1,04;ppp_convergence;4,0;0,0;5,0;0,0;0,0;0,0;1,0
STA247;5244;50,28153383;6,529933051;630,0654468;15:52:02;07.05.2026;5572852,25;324023,3754;581,9230064;0,285165;0,020009;0,212673;0,0;0,0;0,0;0,253535;0,023438;0,240874;0,023044;-0,033946;-0,019144;2,4137315509393336;1,19;2,1;1,04;ppp_convergence;4,0;0,0;5,0;0,0;0,0;0,0;1,0
STA248;5245;50,28153805;6,529950059;630,0207411;15:52:03;07.05.2026;5572852,68;324024,6026;581,8783061;0,279709;0,020872;0,209246;0,0;0,0;0,0;0,248955;0,02422;0,236652;0,022495;-0,032989;-0,018688;2,557264163124334;1,4;2,14;1,16;ppp_convergence;4,0;0,0;4,0;0,0;0,0;0,0;1,0
STA249;5246;50,28154274;6,529967339;629,8800388;15:52:04;07.05.2026;5572853,16;324025,8509;581,7376098;0,274611;0,020744;0,205461;0,0;0,0;0,0;0,244432;0,024028;0,232357;0,022063;-0,032376;-0,018329;2,4137315509393336;1,19;2,1;1,04;ppp_convergence;4,0;0,0;5,0;0,0;0,0;0,0;1,0
STA250;5247;50,28154722;6,529983109;629,7715286;15:52:05;07.05.2026;5572853,62;324026,9907;581,629105;0,269975;0,020129;0,201849;0,0;0,0;0,0;0,240244;0,023361;0,228348;0,021713;-0,031898;-0,018039;2,362371689637344;1,12;2,08;1,04;ppp_convergence;5,0;0,0;5,0;0,0;0,0;0,0;1,0
STA251;5248;50,28155301;6,529999361;629,6211597;15:52:06;07.05.2026;5572854,225;324028,1698;581,4787426;0,265882;0,019742;0,200548;0,0;0,0;0,0;0,23732;0,022925;0,225927;0,021391;-0,030548;-0,017771;2,552645686341918;1,26;2,22;0,98;ppp_convergence;5,0;0,0;4,0;0,0;0,0;0,0;1,0
STA252;5249;50,28155842;6,530016558;629,6860791;15:52:07;07.05.2026;5572854,787;324029,4149;581,5436684;0,261736;0,021223;0,198402;0,0;0,0;0,0;0,234033;0,024333;0,222993;0,020903;-0,029601;-0,017365;2,568443108188305;1,45;2,12;1,03;ppp_convergence;4,0;0,0;4,0;0,0;0,0;0,0;1,0
STA253;5250;50,28156484;6,530031393;629,6374156;15:52:08;07.05.2026;5572855,466;324030,4954;581,4950117;0,265276;0,023789;0,207382;0,0;0,0;0,0;0,239788;0,026912;0,229747;0,020987;-0,026921;-0,017435;4,009451334035618;2,86;2,81;0,93;ppp_convergence;3,0;0,0;3,0;0,0;0,0;0,0;1,0
STA254;5251;50,28157226;6,530048353;629,5819406;15:52:09;07.05.2026;5572856,25;324031,7309;581,4395444;0,257409;0,026801;0,222205;0,0;0,0;0,0;0,241269;0,029783;0,235362;0,020042;-0,015838;-0,01665;3,6123261203828205;1,4;3,33;0,96;ppp_convergence;2,0;0,0;5,0;0,0;0,0;0,0;1,0
STA255;5252;50,28158106;6,530064296;629,2868563;15:52:10;07.05.2026;5572857,191;324032,8991;581,1444688;0,259741;0,02778;0,228211;0,0;0,0;0,0;0,245091;0,03078;0,239861;0,020159;-0,014023;-0,016748;3,6123261203828205;1,4;3,33;1,03;ppp_convergence;2,0;0,0;5,0;0,0;0,0;0,0;1,0
STA256;5253;50,28158864;6,530080998;629,2605879;15:52:11;07.05.2026;5572857,994;324034,1168;581,1182082;0,251137;0,030133;0,230155;0,0;0,0;0,0;0,240878;0,032992;0,237555;0,019207;-0,008908;-0,015957;2,5880494585691363;1,54;2,08;0,91;ppp_convergence;2,0;0,0;5,0;0,0;0,0;0,0;1,0
STA257;5254;50,28159666;6,530096581;629,1399025;15:52:12;07.05.2026;5572858,848;324035,2564;580,9975308;0,245005;0,031967;0,241018;0,0;0,0;0,0;0,241746;0,034722;0,241521;0,018515;-0,000605;-0,015381;3,309335280687044;2,06;2,59;1,14;ppp_convergence;2,0;0,0;5,0;0,0;0,0;0,0;1,0
STA258;5255;50,28160495;6,5301116;628,9675131;15:52:13;07.05.2026;5572859,735;324036,3568;580,8251496;0,234124;0,032516;0,253134;0,0;0,0;0,0;0,240344;0,035124;0,244306;0,017522;0,010626;-0,014556;2,8625163754990117;1,62;2,36;1,09;ppp_convergence;2,0;0,0;5,0;0,0;0,0;0,0;1,0
STA259;5256;50,28161225;6,530124486;628,8969328;15:52:14;07.05.2026;5572860,515;324037,3017;580,7545764;0,250968;0,036711;0,283366;0,0;0,0;0,0;0,262558;0,039482;0,269005;0,018621;0,017286;-0,01547;5,944282967692571;3,52;4,79;0,89;ppp_convergence;1,0;0,0;5,0;0,0;0,0;0,0;1,0
STA260;5257;50,28161862;6,530139306;628,9492569;15:52:15;07.05.2026;5572861,189;324038,3809;580,8069072;0,244292;0,036305;0,281955;0,0;0,0;0,0;0,25808;0,038995;0,265477;0,018076;0,019834;-0,015017;2,366114959168299;1,28;1,99;1,29;ppp_convergence;2,0;0,0;6,0;0,0;0,0;0,0;1,0
STA261;5258;50,28162496;6,530150644;628,34348;15:52:16;07.05.2026;5572861,867;324039,212;580,2011365;0,243237;0,036139;0,274424;0,0;0,0;0,0;0,254387;0,038818;0,260596;0,017999;0,016646;-0,014953;2,3119256043393785;1,21;1,97;1,31;ppp_convergence;2,0;0,0;6,0;0,0;0,0;0,0;1,0
STA262;5259;50,28163166;6,530166454;628,4740436;15:52:17;07.05.2026;5572862,575;324040,363;580,3317073;0,242376;0,035659;0,267371;0,0;0,0;0,0;0,251;0,038333;0,256073;0,017966;0,0136;-0,014925;2,3119256043393785;1,21;1,97;1,08;ppp_convergence;2,0;0,0;6,0;0,0;0,0;0,0;1,0
STA263;5260;50,28163901;6,530183837;628,1968455;15:52:18;07.05.2026;5572863,35;324041,6283;580,0545169;0,237692;0,038234;0,27517;0,0;0,0;0,0;0,25147;0,040814;0,258813;0,017335;0,019689;-0,014401;3,2449961479175906;1,8;2,7;1,19;ppp_convergence;3,0;0,0;4,0;0,0;0,0;0,0;1,0
STA264;5261;50,28164925;6,530197183;628,4272131;15:52:19;07.05.2026;5572864,458;324042,6168;580,2848939;0,235049;0,038835;0,271224;0,0;0,0;0,0;0,248319;0,041373;0,255416;0,017053;0,019028;-0,014167;2,4129857024027306;1,24;2,07;1,17;ppp_convergence;3,0;0,0;5,0;0,0;0,0;0,0;1,0
STA265;5262;50,2816569;6,530210113;628,2577089;15:52:20;07.05.2026;5572865,277;324043,5661;580,115397;0,231288;0,044348;0,267466;0,0;0,0;0,0;0,244631;0,046766;0,251706;0,016247;0,018971;-0,013497;2,638825496314601;1,53;2,15;1,19;ppp_convergence;1,0;0,0;6,0;0,0;0,0;0,0;1,0
STA266;5263;50,28166367;6,530225756;628,2977945;15:52:21;07.05.2026;5572865,992;324044,7053;580,1554897;0,23152;0,046848;0,262718;0,0;0,0;0,0;0,242846;0,049236;0,249004;0,01605;0,016509;-0,013334;2,638825496314601;1,53;2,15;1,0;ppp_convergence;1,0;0,0;6,0;0,0;0,0;0,0;1,0
STA267;5264;50,28167147;6,530241348;627,9296772;15:52:22;07.05.2026;5572866,823;324045,8448;579,7873803;0,232096;0,047274;0,259648;0,0;0,0;0,0;0,241932;0,049664;0,247421;0,016063;0,014718;-0,013345;2,638825496314601;1,53;2,15;1,24;ppp_convergence;1,0;0,0;6,0;0,0;0,0;0,0;1,0
STA268;5265;50,28167982;6,530253573;627,7817338;15:52:23;07.05.2026;5572867,723;324046,7465;579,6394447;0,232456;0,047299;0,257145;0,0;0,0;0,0;0,241121;0,049694;0,246086;0,016092;0,013312;-0,013369;2,638825496314601;1,53;2,15;1,29;ppp_convergence;1,0;0,0;6,0;0,0;0,0;0,0;1,0
STA269;5266;50,28168838;6,530266065;627,4409715;15:52:24;07.05.2026;5572868,645;324047,668;579,2986903;0,232524;0,04734;0,254932;0,0;0,0;0,0;0,240257;0,049735;0,244804;0,016095;0,012192;-0,013371;2,638825496314601;1,53;2,15;0,95;ppp_convergence;1,0;0,0;6,0;0,0;0,0;0,0;1,0
STA270;5267;50,28169698;6,53027875;627,3787502;15:52:25;07.05.2026;5572869,571;324048,6033;579,2364771;0,232348;0,047471;0,252935;0,0;0,0;0,0;0,239339;0,049862;0,243552;0,016068;0,011294;-0,013349;2,638825496314601;1,53;2,15;0,79;ppp_convergence;0,0;0,0;0,0;0,0;0,0;0,0;1,0
STA271;5268;50,28170535;6,530292272;627,3252246;15:52:26;07.05.2026;5572870,469;324049,5974;579,1829594;0,232847;0,047777;0,251098;0,0;0,0;0,0;0,238883;0,050171;0,242668;0,016085;0,010148;-0,013362;2,7044038160008577;1,47;2,27;0,72;ppp_convergence;2,0;0,0;5,0;0,0;0,0;0,0;1,0
STA272;5269;50,28171395;6,53030476;627,0312662;15:52:27;07.05.2026;5572871,396;324050,5188;578,889009;0,226808;0,047085;0,258917;0,0;0,0;0,0;0,238544;0,04941;0,244857;0,01562;0,016925;-0,012976;2,7910034037958464;1,49;2,36;0,73;ppp_convergence;3,0;0,0;5,0;0,0;0,0;0,0;1,0
STA273;5270;50,28172208;6,530318148;626,6990891;15:52:28;07.05.2026;5572872,268;324051,5024;578,5568397;0,225443;0,046413;0,257546;0,0;0,0;0,0;0,237182;0,048728;0,243492;0,01556;0,016918;-0,012926;2,4658669874914176;1,34;2,07;0,81;ppp_convergence;3,0;0,0;6,0;0,0;0,0;0,0;1,0
STA274;5271;50,28172292;6,530316947;626,7534937;15:52:29;07.05.2026;5572872,364;324051,4199;578,6112447;0,212837;0,043878;0,24241;0,0;0,0;0,0;0,22362;0,046063;0,229442;0,014685;0,01561;-0,012199;3,4807039517890628;2,63;2,28;0,79;ppp_convergence;2,0;0,0;4,0;0,0;0,0;0,0;1,0
STA275;5272;50,28173354;6,53032867;626,6822972;15:52:30;07.05.2026;5572873,517;324052,2942;578,5400575;0,216388;0,047232;0,243567;0,0;0,0;0,0;0,226192;0,04942;0,231576;0,014702;0,014435;-0,012214;3,005095672353877;1,59;2,55;0,77;ppp_convergence;2,0;0,0;4,0;0,0;0,0;0,0;1,0
STA276;5273;50,28174306;6,530341204;626,5020637;15:52:31;07.05.2026;5572874,546;324053,2222;578,3598327;0,215869;0,049708;0,243386;0,0;0,0;0,0;0,225834;0,051858;0,231272;0,014441;0,014582;-0,011997;2,5821309029559285;1,43;2,15;0,87;ppp_convergence;2,0;0,0;6,0;0,0;0,0;0,0;1,0
STA277;5274;50,28175184;6,530350504;626,1552744;15:52:32;07.05.2026;5572875,501;324053,9171;578,0130511;0,218388;0,054611;0,248301;0,0;0,0;0,0;0,229349;0,05673;0,235222;0,014234;0,015744;-0,011825;3,3571565349265438;2,57;2,16;0,8;ppp_convergence;2,0;0,0;5,0;0,0;0,0;0,0;1,0
STA278;5275;50,2817602;6,530357856;625,9475364;15:52:33;07.05.2026;5572876,412;324054,4716;577,8053202;0,223856;0,060069;0,256924;0,0;0,0;0,0;0,236105;0,062187;0,242556;0,014235;0,017295;-0,011826;3,910652119531984;2,16;3,26;0,76;ppp_convergence;2,0;0,0;5,0;0,0;0,0;0,0;1,0
STA279;5276;50,28176936;6,530366623;625,7890886;15:52:34;07.05.2026;5572877,409;324055,1299;577,6468802;0,243447;0,068764;0,278971;0,0;0,0;0,0;0,256616;0,071024;0,263543;0,015182;0,018571;-0,012613;5,890543268663765;4,21;4,12;0,78;ppp_convergence;2,0;0,0;3,0;0,0;0,0;0,0;1,0
STA280;5277;50,28178127;6,530379298;626,0011651;15:52:35;07.05.2026;5572878,704;324056,0768;577,8589671;0,194374;0,059617;0,340801;0,0;0,0;0,0;0,253135;0,06136;0,280298;0,011712;0,072829;-0,00973;2,638825496314601;1,53;2,15;0,75;ppp_convergence;1,0;0,0;6,0;0,0;0,0;0,0;1,0
STA281;5278;50,28179099;6,530389319;625,868983;15:52:36;07.05.2026;5572879,761;324056,8264;577,7267935;0,203081;0,065811;0,338508;0,0;0,0;0,0;0,257331;0,067586;0,282483;0,011931;0,067438;-0,009911;3,3571565349265438;2,57;2,16;0,73;ppp_convergence;2,0;0,0;5,0;0,0;0,0;0,0;1,0
STA282;5279;50,28179941;6,530400407;625,6674262;15:52:37;07.05.2026;5572880,67;324057,6474;577,5252443;0,207325;0,070386;0,33144;0,0;0,0;0,0;0,256957;0,072157;0,280036;0,011902;0,061877;-0,009887;2,759746365157494;1,51;2,31;0,91;ppp_convergence;2,0;0,0;5,0;0,0;0,0;0,0;1,0
STA283;5280;50,28181104;6,530412798;625,8514708;15:52:38;07.05.2026;5572881,935;324058,573;577,7092991;0,214017;0,074303;0,339695;0,0;0,0;0,0;0,264267;0,07611;0,287638;0,012143;0,062662;-0,010088;3,910652119531984;2,16;3,26;0,75;ppp_convergence;2,0;0,0;5,0;0,0;0,0;0,0;1,0
STA284;5281;50,281821;6,530426351;625,9270223;15:52:39;07.05.2026;5572883,01;324059,5751;577,7848596;0,214076;0,074844;0,33597;0,0;0,0;0,0;0,262784;0,076645;0,285461;0,012101;0,060799;-0,010053;2,5876823607235875;1,44;2,15;0,7;ppp_convergence;2,0;0,0;6,0;0,0;0,0;0,0;1,0
STA285;5282;50,28182833;6,530438384;625,694067;15:52:40;07.05.2026;5572883,796;324060,4593;577,5519114;0,213283;0,074211;0,331818;0,0;0,0;0,0;0,260621;0,076009;0,282681;0,012087;0,059147;-0,010042;2,3925091431382244;1,25;2,04;0,7;ppp_convergence;2,0;0,0;5,0;0,0;0,0;0,0;1,0
STA286;5283;50,28183691;6,53045002;625,6101439;15:52:41;07.05.2026;5572884,722;324061,3198;577,4679961;0,212085;0,073648;0,32721;0,0;0,0;0,0;0,258035;0,075439;0,279469;0,012032;0,057467;-0,009996;2,3119256043393785;1,21;1,97;0,75;ppp_convergence;2,0;0,0;6,0;0,0;0,0;0,0;1,0
STA287;5284;50,2818455;6,530462996;625,4587269;15:52:42;07.05.2026;5572885,646;324062,2758;577,3165872;0,210682;0,073094;0,323182;0,0;0,0;0,0;0,255567;0,074874;0,276517;0,011958;0,056172;-0,009934;2,3119256043393785;1,21;1,97;0,76;ppp_convergence;2,0;0,0;6,0;0,0;0,0;0,0;1,0
STA288;5285;50,28185379;6,530475372;625,5352165;15:52:43;07.05.2026;5572886,538;324063,188;577,3930845;0,20894;0,072762;0,319733;0,0;0,0;0,0;0,253138;0,074523;0,273773;0,011836;0,055324;-0,009833;2,3119256043393785;1,21;1,97;0,75;ppp_convergence;2,0;0,0;6,0;0,0;0,0;0,0;1,0
STA289;5286;50,28186284;6,530486058;625,4521056;15:52:44;07.05.2026;5572887,52;324063,9827;577,3099817;0,209752;0,078475;0,323734;0,0;0,0;0,0;0,25529;0,080174;0,276498;0,01141;0,05686;-0,009479;3,3648179742743887;2,58;2,16;0,91;ppp_convergence;2,0;0,0;5,0;0,0;0,0;0,0;1,0
STA290;5287;50,28187144;6,530499489;625,4402877;15:52:45;07.05.2026;5572888,444;324064,9711;577,2981719;0,211459;0,084265;0,335116;0,0;0,0;0,0;0,260979;0,08591;0,283951;0,011055;0,061589;-0,009184;3,8967935536797427;2,15;3,25;0,76;ppp_convergence;2,0;0,0;5,0;0,0;0,0;0,0;1,0
STA291;5288;50,28187965;6,530509712;625,255698;15:52:46;07.05.2026;5572889,332;324065,7297;577,1135896;0,209226;0,085623;0,331237;0,0;0,0;0,0;0,258102;0,087222;0,280763;0,010743;0,060757;-0,008925;2,4337830634631343;1,28;2,07;0,96;ppp_convergence;3,0;0,0;4,0;0,0;0,0;0,0;1,0
STA292;5289;50,28188865;6,53052143;625,2232144;15:52:47;07.05.2026;5572890,305;324066,5975;577,0811142;0,208677;0,087044;0,328125;0,0;0,0;0,0;0,256521;0,088617;0,278708;0,010572;0,059485;-0,008782;2,5876823607235875;1,44;2,15;0,87;ppp_convergence;2,0;0,0;6,0;0,0;0,0;0,0;1,0
STA293;5290;50,28189699;6,530533404;624,9457557;15:52:48;07.05.2026;5572891,205;324067,4813;576,8036632;0,212119;0,089264;0,331552;0,0;0,0;0,0;0,259948;0,090853;0,282134;0,010678;0,059485;-0,008871;3,3648179742743887;2,58;2,16;0,83;ppp_convergence;2,0;0,0;5,0;0,0;0,0;0,0;1,0
STA294;5291;50,28190615;6,530546444;625,0845958;15:52:49;07.05.2026;5572892,192;324068,444;576,9425118;0,213269;0,092601;0,333283;0,0;0,0;0,0;0,261351;0,094162;0,28364;0,010488;0,059757;-0,008713;3,2499999999999996;1,65;2,8;1,0;ppp_convergence;0,0;0,0;5,0;0,0;0,0;0,0;1,0
STA295;5292;50,28191596;6,530560208;625,0756951;15:52:50;07.05.2026;5572893,25;324069,4606;576,9336201;0,210545;0,091983;0,344248;0,0;0,0;0,0;0,264233;0,093517;0,289026;0,010305;0,066472;-0,008561;3,2796493715029964;2,05;2,56;0,82;ppp_convergence;2,0;0,0;5,0;0,0;0,0;0,0;1,0
STA296;5293;50,28192546;6,530571176;624,8496407;15:52:51;07.05.2026;5572894,28;324070,277;576,7075742;0,204277;0,089527;0,344252;0,0;0,0;0,0;0,260555;0,091011;0,286489;0,009974;0,069531;-0,008286;2,1440615662802225;1,21;1,77;0,92;ppp_convergence;2,0;0,0;6,0;0,0;0,0;0,0;1,0
STA297;5294;50,28193266;6,530584261;624,5167581;15:52:52;07.05.2026;5572895,05;324071,2356;576,3746986;0,204564;0,089583;0,34379;0,0;0,0;0,0;0,260535;0,09107;0,286332;0,009994;0,069164;-0,008302;2,709852394504173;1,48;2,27;1,0;ppp_convergence;2,0;0,0;5,0;0,0;0,0;0,0;1,0
STA298;5295;50,28194135;6,530596545;624,3896285;15:52:53;07.05.2026;5572895,986;324072,1427;576,247577;0,20462;0,089581;0,341672;0,0;0,0;0,0;0,259702;0,091069;0,285101;0,009999;0,068096;-0,008306;2,5876823607235875;1,44;2,15;0,85;ppp_convergence;2,0;0,0;6,0;0,0;0,0;0,0;1,0
STA299;5296;50,28195164;6,53060887;624,3945906;15:52:54;07.05.2026;5572897,101;324073,0587;576,2525483;0,219129;0,099507;0,371011;0,0;0,0;0,0;0,280232;0,101055;0,30836;0,010397;0,075414;-0,008637;5,862431236270495;4,2;4,09;0,84;ppp_convergence;2,0;0,0;4,0;0,0;0,0;0,0;1,0
STA300;5297;50,28196029;6,530621091;624,2819522;15:52:55;07.05.2026;5572898,035;324073,9611;576,139918;0,217405;0,100582;0,367782;0,0;0,0;0,0;0,277915;0,102093;0,305761;0,010154;0,074657;-0,008435;2,7963547700533278;1,5;2,36;0,94;ppp_convergence;3,0;0,0;5,0;0,0;0,0;0,0;1,0
STA301;5298;50,28196879;6,530632977;624,0340852;15:52:56;07.05.2026;5572898,951;324074,8392;575,8920587;0,218817;0,104701;0,37139;0,0;0,0;0,0;0,280244;0,106177;0,308487;0,009919;0,075719;-0,00824;3,6095567594927775;2,95;2,08;0,87;ppp_convergence;2,0;0,0;5,0;0,0;0,0;0,0;1,0
STA302;5299;50,28197841;6,530644252;623,9456789;15:52:57;07.05.2026;5572899,994;324075,6778;575,803661;0,211424;0,123453;0,357305;0,0;0,0;0,0;0,270319;0,124591;0,297272;0,007646;0,072263;-0,006352;2,7963547700533278;1,5;2,36;0,93;ppp_convergence;3,0;0,0;5,0;0,0;0,0;0,0;1,0
STA303;5300;50,28198762;6,530654946;623,7949034;15:52:58;07.05.2026;5572900,992;324076,4736;575,6528937;0,211151;0,121165;0,354334;0,0;0,0;0,0;0,268929;0,122329;0,295392;0,007821;0,07095;-0,006498;2,5317977802344327;1,18;2,24;1,01;ppp_convergence;4,0;0,0;5,0;0,0;0,0;0,0;1,0
STA304;5301;50,28199627;6,530666049;623,8109469;15:52:59;07.05.2026;5572901,928;324077,2964;575,668945;0,207077;0,118754;0,348145;0,0;0,0;0,0;0,264004;0,119897;0,290076;0,007677;0,0699;-0,006377;1,9833809518093088;0,97;1,73;1,06;ppp_convergence;5,0;0,0;6,0;0,0;0,0;0,0;1,0
STA305;5302;50,28200625;6,530679601;623,6267362;15:53:00;07.05.2026;5572903,005;324078,2985;575,4847435;0,207437;0,11984;0,349296;0,0;0,0;0,0;0,264692;0,120973;0,290907;0,007614;0,070284;-0,006325;2,96141857899217;1,26;2,68;1,35;ppp_convergence;5,0;0,0;3,0;0,0;0,0;0,0;1,0
STA306;5303;50,28201571;6,530691483;623,5271852;15:53:01;07.05.2026;5572904,029;324079,1799;575,3852009;0,205765;0,119124;0,346797;0,0;0,0;0,0;0,26269;0,120244;0,288751;0,007531;0,069871;-0,006256;2,4546486510293075;1,22;2,13;1,24;ppp_convergence;4,0;0,0;5,0;0,0;0,0;0,0;1,0
STA307;5304;50,28202255;6,530703944;623,0413986;15:53:02;07.05.2026;5572904,76;324080,0928;574,899421;0,209833;0,123116;0,356796;0,0;0,0;0,0;0,269179;0,124238;0,296328;0,007537;0,072787;-0,006262;3,880128863839447;2,15;3,23;1,1;ppp_convergence;2,0;0,0;5,0;0,0;0,0;0,0;1,0
STA308;5305;50,28202946;6,530719554;622,8700173;15:53:03;07.05.2026;5572905,491;324081,2302;574,728047;0,199958;0,117522;0,363699;0,0;0,0;0,0;0,266188;0,118588;0,296403;0,007165;0,081007;-0,005952;2,1523243250030886;1,21;1,78;1,12;ppp_convergence;2,0;0,0;6,0;0,0;0,0;0,0;1,0
STA309;5306;50,28204082;6,530732714;622,9375564;15:53:04;07.05.2026;5572906,723;324082,2095;574,7955962;0,197307;0,11583;0,35966;0,0;0,0;0,0;0,262977;0,116884;0,292935;0,007082;0,080319;-0,005883;2,0856893344887197;1,15;1,74;0,92;ppp_convergence;3,0;0,0;5,0;0,0;0,0;0,0;1,0
STA310;5307;50,28205002;6,530742791;622,7839905;15:53:05;07.05.2026;5572907,722;324082,9613;574,6420383;0,199329;0,121953;0,365149;0,0;0,0;0,0;0,266446;0,122954;0,29703;0,006725;0,081996;-0,005587;3,4476223691117913;2,85;1,94;1,0;ppp_convergence;3,0;0,0;5,0;0,0;0,0;0,0;1,0
STA311;5308;50,28205832;6,530755694;622,6964149;15:53:06;07.05.2026;5572908,614;324083,911;574,5544706;0,199539;0,126861;0,365939;0,0;0,0;0,0;0,266929;0,127801;0,297609;0,006317;0,082252;-0,005248;3,0074075214376914;1,73;2,46;0,92;ppp_convergence;2,0;0,0;4,0;0,0;0,0;0,0;1,0
STA312;5309;50,28206796;6,53076904;622,6487026;15:53:07;07.05.2026;5572909,654;324084,8973;574,5067671;0,198437;0,127996;0,36408;0,0;0,0;0,0;0,265535;0,128907;0,296071;0,006123;0,081866;-0,005086;2,535527558517162;1,45;2,08;1,19;ppp_convergence;2,0;0,0;6,0;0,0;0,0;0,0;1,0
STA313;5310;50,28207637;6,530780778;622,5762002;15:53:08;07.05.2026;5572910,561;324085,7644;574,4342725;0,197692;0,128156;0,362905;0,0;0,0;0,0;0,264621;0,129055;0,295076;0,006044;0,081648;-0,005021;2,535527558517162;1,45;2,08;1,02;ppp_convergence;0,0;0,0;0,0;0,0;0,0;0,0;1,0
STA314;5311;50,28208548;6,530792271;622,4813299;15:53:09;07.05.2026;5572911,547;324086,6168;574,3394104;0,197149;0,127992;0,361941;0,0;0,0;0,0;0,263909;0,128887;0,294286;0,006011;0,081439;-0,004994;2,535527558517162;1,45;2,08;1,16;ppp_convergence;2,0;0,0;6,0;0,0;0,0;0,0;1,0
STA315;5312;50,2820944;6,53080514;622,4218789;15:53:10;07.05.2026;5572912,509;324087,5664;574,2799676;0,196404;0,127572;0,360638;0,0;0,0;0,0;0,262939;0,128462;0,293213;0,005983;0,081162;-0,00497;2,4713154391942767;1,35;2,07;0,98;ppp_convergence;3,0;0,0;6,0;0,0;0,0;0,0;1,0
STA316;5313;50,28210387;6,530817755;622,327042;15:53:11;07.05.2026;5572913,532;324088,4999;574,1851394;0,195836;0,127123;0,359376;0,0;0,0;0,0;0,262088;0,128012;0,292234;0,005972;0,080821;-0,004962;2,4713154391942767;1,35;2,07;1,0;ppp_convergence;3,0;0,0;6,0;0,0;0,0;0,0;1,0
STA317;5314;50,28211265;6,530831486;622,1409696;15:53:12;07.05.2026;5572914,475;324089,5104;573,9990753;0,198796;0,133859;0,36588;0,0;0,0;0,0;0,266525;0,134699;0,297311;0,005644;0,082539;-0,004689;3,617734097470404;2,96;2,08;1,03;ppp_convergence;2,0;0,0;5,0;0,0;0,0;0,0;1,0
STA318;5315;50,28212232;6,530845997;622,078176;15:53:13;07.05.2026;5572915,516;324090,5797;573,9362908;0,197807;0,138477;0,365489;0,0;0,0;0,0;0,265823;0,139245;0,296706;0,005157;0,082797;-0,004284;2,876421387766403;1,63;2,37;0,98;ppp_convergence;2,0;0,0;5,0;0,0;0,0;0,0;1,0
STA319;5316;50,28213132;6,530858852;621,9485808;15:53:14;07.05.2026;5572916,486;324091,5287;573,8067039;0,196822;0,13953;0,363161;0,0;0,0;0,0;0,264305;0,140271;0,294937;0,00498;0,082124;-0,004137;2,535527558517162;1,45;2,08;1,26;ppp_convergence;2,0;0,0;6,0;0,0;0,0;0,0;1,0
STA320;5317;50,28214061;6,530873108;621,7298864;15:53:15;07.05.2026;5572917,485;324092,5785;573,5880182;0,196336;0,139163;0,361832;0,0;0,0;0,0;0,263476;0,139902;0,293953;0,00497;0,081709;-0,004128;2,535527558517162;1,45;2,08;1,12;ppp_convergence;2,0;0,0;6,0;0,0;0,0;0,0;1,0
STA321;5318;50,28214987;6,53088685;621,6059888;15:53:16;07.05.2026;5572918,483;324093,5915;573,4641293;0,195913;0,138589;0,360761;0,0;0,0;0,0;0,262787;0,13933;0,293146;0,004983;0,081391;-0,004139;2,535527558517162;1,45;2,08;1,17;ppp_convergence;2,0;0,0;6,0;0,0;0,0;0,0;1,0
STA322;5319;50,28216033;6,530896392;621,7497649;15:53:17;07.05.2026;5572919,622;324094,3098;573,6079143;0,19738;0,145527;0,364633;0,0;0,0;0,0;0,265278;0,146198;0,296065;0,004507;0,082539;-0,003744;3,40898811966249;2,46;2,36;1,0;ppp_convergence;3,0;0,0;4,0;0,0;0,0;0,0;1,0
STA323;5320;50,28216792;6,530909082;621,581642;15:53:18;07.05.2026;5572920,436;324095,2418;573,4397986;0,196946;0,148049;0,364071;0,0;0,0;0,0;0,264814;0,148681;0,29557;0,00425;0,082457;-0,003531;2,7963547700533278;1,5;2,36;1,06;ppp_convergence;3,0;0,0;5,0;0,0;0,0;0,0;1,0
STA324;5321;50,28217751;6,530922343;621,5071256;15:53:19;07.05.2026;5572921,471;324096,2217;573,3652911;0,193318;0,145396;0,361553;0,0;0,0;0,0;0,261647;0,146016;0,292604;0,004165;0,082996;-0,00346;2,091530540059121;1,13;1,76;0,93;ppp_convergence;3,0;0,0;6,0;0,0;0,0;0,0;1,0
STA325;5322;50,28218628;6,530935318;621,197646;15:53:20;07.05.2026;5572922,415;324097,1784;573,0558197;0,191099;0,143382;0,357695;0,0;0,0;0,0;0,25876;0,143999;0,289417;0,004148;0,082189;-0,003446;2,091530540059121;1,13;1,76;0,84;ppp_convergence;3,0;0,0;6,0;0,0;0,0;0,0;1,0
STA326;5323;50,28219254;6,530944989;620,728468;15:53:21;07.05.2026;5572923,088;324097,8903;572,5866476;0,251777;0,198372;0,51045;0,0;0,0;0,0;0,356992;0,199063;0,404544;0,004642;0,127484;-0,003856;13,618957375658388;9,18;10,06;0,97;ppp_convergence;1,0;0,0;3,0;0,0;0,0;0,0;1,0
STA327;5324;50,28220164;6,530955884;620,5861222;15:53:22;07.05.2026;5572924,074;324098,7;572,4443099;0,241326;0,193755;0,503351;0,0;0,0;0,0;0,347955;0,194371;0,396107;0,004135;0,129094;-0,003435;2,652772134956186;1,54;2,16;0,88;ppp_convergence;1,0;0,0;6,0;0,0;0,0;0,0;1,0
STA328;5325;50,28221044;6,530972814;620,6055655;15:53:23;07.05.2026;5572925,013;324099,9385;572,463762;0,236548;0,191569;0,492919;0,0;0,0;0,0;0,340887;0,192151;0,387997;0,00391;0,126299;-0,003248;2,8166824457151716;1,64;2,29;0,87;ppp_convergence;1,0;0,0;5,0;0,0;0,0;0,0;1,0
STA329;5326;50,28221887;6,530987094;620,6610687;15:53:24;07.05.2026;5572925,916;324100,9868;572,5192733;0,232452;0,188257;0,481944;0,0;0,0;0,0;0,333989;0,188829;0,379836;0,003841;0,122912;-0,003191;2,652772134956186;1,54;2,16;0,99;ppp_convergence;1,0;0,0;6,0;0,0;0,0;0,0;1,0
STA330;5327;50,2822272;6,531000937;620,5445297;15:53:25;07.05.2026;5572926,81;324102,0036;572,4027423;0,228411;0,184785;0,471747;0,0;0,0;0,0;0,327438;0,185349;0,372155;0,003792;0,119883;-0,00315;2,5959969183340723;1,44;2,16;1,06;ppp_convergence;2,0;0,0;6,0;0,0;0,0;0,0;1,0
STA331;5328;50,2822364;6,531014949;620,2864498;15:53:26;07.05.2026;5572927,799;324103,0356;572,144671;0,22446;0,181429;0,461103;0,0;0,0;0,0;0,320759;0,181986;0,364248;0,00374;0,11659;-0,003107;2,4796975622039072;1,35;2,08;0,89;ppp_convergence;3,0;0,0;6,0;0,0;0,0;0,0;1,0
STA332;5329;50,28224515;6,531029303;620,3665193;15:53:27;07.05.2026;5572928,738;324104,0904;572,2247489;0,219959;0,177415;0,449868;0,0;0,0;0,0;0,313512;0,177965;0,355765;0,003698;0,113277;-0,003072;2,252487513838867;1,11;1,96;0,9;ppp_convergence;4,0;0,0;6,0;0,0;0,0;0,0;1,0
STA333;5330;50,28225338;6,531044415;620,2269333;15:53:28;07.05.2026;5572929,618;324105,1973;572,085171;0,218049;0,175197;0,446229;0,0;0,0;0,0;0,310893;0,175751;0,35283;0,003725;0,112428;-0,003094;2,902274969743563;1,54;2,46;0,94;ppp_convergence;3,0;0,0;4,0;0,0;0,0;0,0;1,0
STA334;5331;50,28226235;6,531058586;620,2290631;15:53:29;07.05.2026;5572930,581;324106,2398;572,0873093;0,214861;0,172447;0,440396;0,0;0,0;0,0;0,306629;0,172996;0,34808;0,003687;0,111126;-0,003063;2,5959969183340723;1,44;2,16;1,07;ppp_convergence;2,0;0,0;6,0;0,0;0,0;0,0;1,0
STA335;5332;50,28227081;6,531072441;620,180757;15:53:30;07.05.2026;5572931,488;324107,2579;572,0390112;0,210349;0,168485;0,434135;0,0;0,0;0,0;0,301406;0,169027;0,342535;0,003639;0,110263;-0,003023;2,3171750041807373;1,22;1,97;0,94;ppp_convergence;2,0;0,0;6,0;0,0;0,0;0,0;1,0
STA336;5333;50,2822788;6,531085979;619,9627952;15:53:31;07.05.2026;5572932,345;324108,2518;571,8210571;0,206404;0,165083;0,426533;0,0;0,0;0,0;0,295973;0,165618;0,33643;0,003592;0,108462;-0,002984;2,221463481581455;1,1;1,93;0,93;ppp_convergence;3,0;0,0;6,0;0,0;0,0;0,0;1,0
STA337;5334;50,28228697;6,53110103;619,7913634;15:53:32;07.05.2026;5572933,217;324109,354;571,6496335;0,203265;0,162327;0,418749;0,0;0,0;0,0;0,29094;0,162856;0,330545;0,003558;0,106176;-0,002956;2,221463481581455;1,1;1,93;1,04;ppp_convergence;3,0;0,0;6,0;0,0;0,0;0,0;1,0
STA338;5335;50,28229554;6,531116198;619,7114654;15:53:33;07.05.2026;5572934,135;324110,4661;571,5697437;0,20035;0,159791;0,411686;0,0;0,0;0,0;0,286334;0,160316;0,325178;0,003526;0,104135;-0,002929;2,221463481581455;1,1;1,93;1,02;ppp_convergence;3,0;0,0;6,0;0,0;0,0;0,0;1,0
STA339;5336;50,28230251;6,531130451;619,6059022;15:53:34;07.05.2026;5572934,876;324111,5071;571,4641877;0,198935;0,158277;0,409683;0,0;0,0;0,0;0,284678;0,158803;0,323414;0,003534;0,103846;-0,002936;2,6342740935597417;1,37;2,25;0,88;ppp_convergence;3,0;0,0;4,0;0,0;0,0;0,0;1,0
STA340;5337;50,2823094;6,531142356;619,3204466;15:53:35;07.05.2026;5572935,613;324112,3805;571,1787387;0,195567;0,155274;0,402315;0,0;0,0;0,0;0,279679;0,155795;0,317681;0,003502;0,101878;-0,00291;2,0205444810743467;1,01;1,75;0,84;ppp_convergence;5,0;0,0;6,0;0,0;0,0;0,0;1,0
STA341;5338;50,28231821;6,531154902;619,2843929;15:53:36;07.05.2026;5572936,564;324113,3068;571,1426931;0,193437;0,152467;0,395592;0,0;0,0;0,0;0,275669;0,152997;0,31283;0,003561;0,099625;-0,002958;2,0565261972559457;1,03;1,78;0,88;ppp_convergence;5,0;0,0;6,0;0,0;0,0;0,0;1,0
STA342;5339;50,28232627;6,531166274;619,1884066;15:53:37;07.05.2026;5572937,433;324114,1466;571,0467143;0,190005;0,150459;0,389561;0,0;0,0;0,0;0,271186;0,150971;0,307868;0,003438;0,098338;-0,002856;2,0205444810743467;1,01;1,75;0,91;ppp_convergence;5,0;0,0;6,0;0,0;0,0;0,0;1,0
STA343;5340;50,28233371;6,531180275;619,2050034;15:53:38;07.05.2026;5572938,226;324115,1713;571,0633185;0,188398;0,148941;0,386363;0,0;0,0;0,0;0,26893;0,149451;0,30532;0,00343;0,097555;-0,002849;2,3024334952393306;1,24;1,94;0,8;ppp_convergence;5,0;0,0;5,0;0,0;0,0;0,0;1,0
STA344;5341;50,28234147;6,531195673;618,887172;15:53:39;07.05.2026;5572939,052;324116,2968;570,7454949;0,187339;0,147547;0,382896;0,0;0,0;0,0;0,266885;0,148062;0,302834;0,003459;0,096374;-0,002873;2,292967509582288;1,19;1,96;0,82;ppp_convergence;3,0;0,0;6,0;0,0;0,0;0,0;1,0
STA345;5342;50,28235016;6,531208998;618,6467503;15:53:40;07.05.2026;5572939,988;324117,2781;570,5050814;0,186478;0,14648;0,381208;0,0;0,0;0,0;0,265685;0,146997;0,301483;0,003477;0,095969;-0,002888;2,4149948240110164;1,21;2,09;0,81;ppp_convergence;3,0;0,0;5,0;0,0;0,0;0,0;1,0
STA346;5343;50,28235829;6,531223532;618,5123771;15:53:41;07.05.2026;5572940,857;324118,3434;570,3707161;0,186324;0,146088;0,378298;0,0;0,0;0,0;0,264404;0,146609;0,299697;0,003497;0,094616;-0,002905;2,3970815588961507;1,38;1,96;0,77;ppp_convergence;3,0;0,0;4,0;0,0;0,0;0,0;1,0
STA347;5344;50,28236595;6,531236282;618,3561561;15:53:42;07.05.2026;5572941,678;324119,2798;570,2145025;0,185459;0,146438;0,378043;0,0;0,0;0,0;0,263797;0,146943;0,2992;0,003392;0,094908;-0,002818;2,534028413416077;1,53;2,02;0,78;ppp_convergence;2,0;0,0;6,0;0,0;0,0;0,0;1,0
STA348;5345;50,28237523;6,531251066;618,2456338;15:53:43;07.05.2026;5572942,676;324120,3672;570,103989;0,185173;0,146384;0,377759;0,0;0,0;0,0;0,263514;0,146886;0,298916;0,003372;0,094907;-0,002801;2,534028413416077;1,53;2,02;0,82;ppp_convergence;2,0;0,0;6,0;0,0;0,0;0,0;1,0
STA349;5346;50,28238407;6,531264433;618,0890174;15:53:44;07.05.2026;5572943,627;324121,352;569,9473809;0,183075;0,144661;0,373704;0,0;0,0;0,0;0,26062;0,145158;0,295662;0,003339;0,093943;-0,002774;2,0390684147423794;1,17;1,67;0,82;ppp_convergence;3,0;0,0;6,0;0,0;0,0;0,0;1,0
STA350;5347;50,28239226;6,531278635;618,0120223;15:53:45;07.05.2026;5572944,503;324122,3938;569,8703938;0,181294;0,143163;0,370397;0,0;0,0;0,0;0,258218;0,143657;0,29298;0,003315;0,093191;-0,002754;2,0768485741623053;1,07;1,78;0,78;ppp_convergence;4,0;0,0;6,0;0,0;0,0;0,0;1,0
STA351;5348;50,28240144;6,53129394;617,9574276;15:53:46;07.05.2026;5572945,488;324123,5179;569,8158078;0,179809;0,141687;0,36729;0,0;0,0;0,0;0,256071;0,14218;0,290535;0,003314;0,092394;-0,002753;2,0768485741623053;1,07;1,78;0,85;ppp_convergence;0,0;0,0;0,0;0,0;0,0;0,0;1,0
STA352;5349;50,28241021;6,531307171;617,7930994;15:53:47;07.05.2026;5572946,431;324124,4927;569,6514879;0,179019;0,140943;0,365534;0,0;0,0;0,0;0,254887;0,141436;0,289174;0,00331;0,091919;-0,00275;2,2364704335179573;1,13;1,93;0,9;ppp_convergence;5,0;0,0;5,0;0,0;0,0;0,0;1,0
STA353;5350;50,28241897;6,531320257;617,6443107;15:53:48;07.05.2026;5572947,374;324125,4573;569,5027073;0,17799;0,139892;0,363376;0,0;0,0;0,0;0,253396;0,140385;0,287477;0,003312;0,091364;-0,002751;2,1523010941780427;1,18;1,8;0,81;ppp_convergence;4,0;0,0;6,0;0,0;0,0;0,0;1,0
STA354;5351;50,28242698;6,531334447;617,4544818;15:53:49;07.05.2026;5572948,231;324126,4976;569,3128862;0,180893;0,141825;0,382752;0,0;0,0;0,0;0,263018;0,142331;0,300121;0,003396;0,099467;-0,002821;3,8357528596091797;2,13;3,19;0,86;ppp_convergence;2,0;0,0;5,0;0,0;0,0;0,0;1,0
STA355;5352;50,2824354;6,531348842;617,4797801;15:53:50;07.05.2026;5572949,134;324127,5541;569,3381927;0,179944;0,141295;0,386271;0,0;0,0;0,0;0,263897;0,141795;0,301818;0,00336;0,10166;-0,002791;2,5959969183340723;1,44;2,16;0,91;ppp_convergence;2,0;0,0;6,0;0,0;0,0;0,0;1,0
STA356;5353;50,2824437;6,531361445;617,2508814;15:53:51;07.05.2026;5572950,026;324128,4824;569,1093018;0,179048;0,139722;0,382825;0,0;0,0;0,0;0,261954;0,140231;0,29941;0,003418;0,100412;-0,00284;2,0752349264601344;1,05;1,79;0,85;ppp_convergence;4,0;0,0;5,0;0,0;0,0;0,0;1,0
STA357;5354;50,28245169;6,531375763;617,1478006;15:53:52;07.05.2026;5572950,881;324129,5317;569,0062288;0,177548;0,138436;0,378966;0,0;0,0;0,0;0,259493;0,138942;0,296515;0,0034;0,099251;-0,002824;2,0057168294652166;0,98;1,75;0,87;ppp_convergence;5,0;0,0;6,0;0,0;0,0;0,0;1,0
STA358;5355;50,28246119;6,531388918;616,7981183;15:53:53;07.05.2026;5572951,906;324130,5039;568,6565553;0,176228;0,137312;0,377592;0,0;0,0;0,0;0,258152;0,137815;0,295165;0,003383;0,099223;-0,00281;2,1577998053572998;1,19;1,8;0,87;ppp_convergence;6,0;0,0;5,0;0,0;0,0;0,0;1,0
STA359;5356;50,28246976;6,531402954;616,6875601;15:53:54;07.05.2026;5572952,825;324131,5353;568,5460052;0,174184;0,135644;0,373698;0,0;0,0;0,0;0,255356;0,136143;0,292028;0,00335;0,098311;-0,002783;1,878004259846074;0,95;1,62;0,82;ppp_convergence;6,0;0,0;6,0;0,0;0,0;0,0;1,0
STA360;5357;50,28247739;6,531417364;616,508355;15:53:55;07.05.2026;5572953,639;324132,5899;568,3668077;0,172609;0,134215;0,36969;0,0;0,0;0,0;0,252788;0,134711;0,289014;0,003338;0,097114;-0,002773;1,878004259846074;0,95;1,62;0,91;ppp_convergence;6,0;0,0;6,0;0,0;0,0;0,0;1,0
STA361;5358;50,28248563;6,531430305;616,3892259;15:53:56;07.05.2026;5572954,525;324133,5422;568,2476864;0,171487;0,133207;0,367063;0,0;0,0;0,0;0,251053;0,133702;0,287002;0,003328;0,096374;-0,002764;1,996922632452244;1,11;1,66;0,91;ppp_convergence;4,0;0,0;6,0;0,0;0,0;0,0;1,0
STA362;5359;50,28249433;6,53144377;616,3807382;15:53:57;07.05.2026;5572955,46;324134,5334;568,2392069;0,171408;0,133005;0,366304;0,0;0,0;0,0;0,250695;0,133502;0,28652;0,003338;0,09604;-0,002773;2,233226365597541;1,28;1,83;0,81;ppp_convergence;3,0;0,0;6,0;0,0;0,0;0,0;1,0
STA363;5360;50,28250345;6,531457407;616,4203052;15:53:58;07.05.2026;5572956,442;324135,5384;568,2787824;0,171024;0,132545;0,365173;0,0;0,0;0,0;0,250005;0,133043;0,285694;0,003345;0,095674;-0,002779;2,166679487141557;1,16;1,83;0,86;ppp_convergence;4,0;0,0;6,0;0,0;0,0;0,0;1,0
STA364;5361;50,2825122;6,531470447;616,2504468;15:53:59;07.05.2026;5572957,384;324136,4996;568,1089322;0,170762;0,132141;0,363925;0,0;0,0;0,0;0,249339;0,132641;0,284848;0,003357;0,09519;-0,002789;2,166679487141557;1,16;1,83;0,82;ppp_convergence;4,0;0,0;6,0;0,0;0,0;0,0;1,0
STA365;5362;50,28252122;6,531483949;616,2329363;15:54:00;07.05.2026;5572958,355;324137,4946;568,0914301;0,17044;0,131712;0,362829;0,0;0,0;0,0;0,248701;0,132213;0,284067;0,003367;0,09481;-0,002797;2,166679487141557;1,16;1,83;0,86;ppp_convergence;4,0;0,0;6,0;0,0;0,0;0,0;1,0
STA366;5363;50,28252956;6,531496759;616,1073843;15:54:01;07.05.2026;5572959,251;324138,4379;567,9658859;0,171296;0,132204;0,366072;0,0;0,0;0,0;0,250528;0,132709;0,286334;0,003398;0,095985;-0,002823;2,58549801779077;1,48;2,12;0,74;ppp_convergence;4,0;0,0;5,0;0,0;0,0;0,0;1,0
STA367;5364;50,28253868;6,531507998;616,1904607;15:54:02;07.05.2026;5572960,239;324139,2721;568,0489705;0,170431;0,131318;0,364062;0,0;0,0;0,0;0,249196;0,131824;0,284791;0,0034;0,095423;-0,002825;2,0615528128088303;1,04;1,78;0,85;ppp_convergence;5,0;0,0;6,0;0,0;0,0;0,0;1,0
STA368;5365;50,28254744;6,531521484;616,0002261;15:54:03;07.05.2026;5572961,182;324140,2651;567,8587442;0,17021;0,130976;0,362615;0,0;0,0;0,0;0,248473;0,131484;0,283844;0,003411;0,094821;-0,002833;2,166679487141557;1,16;1,83;0,8;ppp_convergence;4,0;0,0;6,0;0,0;0,0;0,0;1,0
STA369;5366;50,28255561;6,531534499;616,3380101;15:54:04;07.05.2026;5572962,059;324141,2223;568,196536;0,171702;0,130796;0,363377;0,0;0,0;0,0;0,249654;0,131325;0,284895;0,003556;0,094473;-0,002954;2,422436789681002;1,19;2,11;0,76;ppp_convergence;4,0;0,0;5,0;0,0;0,0;0,0;1,0
STA370;5367;50,28256546;6,531547228;616,1198536;15:54:05;07.05.2026;5572963,123;324142,1654;567,9783884;0,173271;0,129955;0,363004;0,0;0,0;0,0;0,250412;0,130516;0,285303;0,003765;0,093534;-0,003128;2,304951192541829;1,18;1,98;0,93;ppp_convergence;3,0;0,0;6,0;0,0;0,0;0,0;1,0
STA371;5368;50,28257434;6,531562413;616,0287757;15:54:06;07.05.2026;5572964,075;324143,2798;567,8873191;0,173977;0,131576;0,366922;0,0;0,0;0,0;0,252436;0,132125;0,287914;0,003686;0,095106;-0,003062;2,6986292816909847;1,49;2,25;0,82;ppp_convergence;4,0;0,0;4,0;0,0;0,0;0,0;1,0
STA372;5369;50,28258353;6,531574489;615,9643108;15:54:07;07.05.2026;5572965,068;324144,1739;567,8228626;0,174157;0,132086;0,367959;0,0;0,0;0,0;0,252969;0,13263;0,288603;0,003657;0,095526;-0,003038;2,45246814454337;1,25;2,11;0,87;ppp_convergence;4,0;0,0;5,0;0,0;0,0;0,0;1,0
STA373;5370;50,28259274;6,531587043;615,6892917;15:54:08;07.05.2026;5572966,063;324145,1021;567,5478519;0,175509;0,133025;0,371197;0,0;0,0;0,0;0,255087;0,133575;0,291068;0,003693;0,096455;-0,003068;2,723692346796899;1,49;2,28;1,05;ppp_convergence;3,0;0,0;5,0;0,0;0,0;0,0;1,0
STA374;5371;50,28260125;6,531601122;615,5025013;15:54:09;07.05.2026;5572966,975;324146,1364;567,3610696;0,174648;0,132702;0,372183;0,0;0,0;0,0;0,254985;0,133245;0,291303;0,003646;0,09736;-0,003029;2,3715395843207;1,29;1,99;1,02;ppp_convergence;2,0;0,0;6,0;0,0;0,0;0,0;1,0
STA375;5372;50,28260906;6,531614687;615,4469474;15:54:10;07.05.2026;5572967,811;324147,1315;567,3055233;0,174026;0,132305;0,370839;0,0;0,0;0,0;0,25407;0,132844;0,290255;0,003627;0,097003;-0,003013;2,233226365597541;1,28;1,83;1,0;ppp_convergence;3,0;0,0;6,0;0,0;0,0;0,0;1,0
STA376;5373;50,28261721;6,531628819;615,27818;15:54:11;07.05.2026;5572968,684;324148,1682;567,1367638;0,176143;0,134032;0,377267;0,0;0,0;0,0;0,257944;0,134577;0,294921;0,003661;0,099125;-0,003041;3,0404111564063174;2,0;2,29;0,91;ppp_convergence;3,0;0,0;5,0;0,0;0,0;0,0;1,0
STA377;5374;50,28262588;6,531640904;615,3857146;15:54:12;07.05.2026;5572969,619;324149,061;567,2443064;0,175229;0,133227;0,374743;0,0;0,0;0,0;0,256374;0,133771;0,293055;0,003651;0,098333;-0,003033;2,166679487141557;1,16;1,83;0,9;ppp_convergence;4,0;0,0;6,0;0,0;0,0;0,0;1,0
STA378;5375;50,28263398;6,531654219;615,3254415;15:54:13;07.05.2026;5572970,489;324150,0393;567,1840411;0,174223;0,132318;0,371819;0,0;0,0;0,0;0,254585;0,13286;0,290915;0,003643;0,097389;-0,003026;2,1095023109728985;1,1;1,8;0,85;ppp_convergence;5,0;0,0;6,0;0,0;0,0;0,0;1,0
STA379;5376;50,28264219;6,531668949;615,0934469;15:54:14;07.05.2026;5572971,366;324151,1189;566,9520545;0,173324;0,131494;0,369032;0,0;0,0;0,0;0,252916;0,132036;0,288899;0,003636;0,096461;-0,003021;2,1095023109728985;1,1;1,8;0,86;ppp_convergence;5,0;0,0;6,0;0,0;0,0;0,0;1,0
STA380;5377;50,28265069;6,531682667;615,1234738;15:54:15;07.05.2026;5572972,279;324152,1275;566,9820895;0,172504;0,130686;0,367881;0,0;0,0;0,0;0,251961;0,131227;0,287884;0,003635;0,096298;-0,00302;2,2055384830013733;1,12;1,9;0,9;ppp_convergence;6,0;0,0;5,0;0,0;0,0;0,0;1,0
STA381;5378;50,28265901;6,531694778;614,9970167;15:54:16;07.05.2026;5572973,176;324153,0208;566,8556401;0,172389;0,129982;0,367376;0,0;0,0;0,0;0,251682;0,13053;0,287535;0,003687;0,09611;-0,003063;2,2765983396286664;1,05;2,02;0,9;ppp_convergence;5,0;0,0;5,0;0,0;0,0;0,0;1,0
STA382;5379;50,28266762;6,531707954;614,8225104;15:54:17;07.05.2026;5572974,101;324153,9911;566,6811419;0,17637;0,131723;0,373295;0,0;0,0;0,0;0,256437;0,132301;0,29265;0,003881;0,097077;-0,003224;3,110401903291599;1,15;2,89;1,05;ppp_convergence;4,0;0,0;5,0;0,0;0,0;0,0;1,0
STA383;5380;50,28267505;6,531722621;614,7685115;15:54:18;07.05.2026;5572974,893;324155,0633;566,6271505;0,175968;0,13064;0,371374;0,0;0,0;0,0;0,255409;0,131227;0,291346;0,00394;0,096335;-0,003273;2,2019309707617993;1,06;1,93;0,94;ppp_convergence;4,0;0,0;6,0;0,0;0,0;0,0;1,0
STA384;5381;50,28268319;6,531737746;614,6683446;15:54:19;07.05.2026;5572975,761;324156,1707;566,5269916;0,175902;0,130301;0,370775;0,0;0,0;0,0;0,255124;0,130891;0,290963;0,003964;0,096075;-0,003293;2,3456555586871657;1,14;2,05;1,05;ppp_convergence;4,0;0,0;5,0;0,0;0,0;0,0;1,0
STA385;5382;50,2826908;6,531751181;614,5578285;15:54:20;07.05.2026;5572976,576;324157,1558;566,4164829;0,175503;0,13047;0,372152;0,0;0,0;0,0;0,255454;0,131052;0,291618;0,003915;0,096944;-0,003252;2,4869660230891775;1,25;2,15;1,1;ppp_convergence;3,0;0,0;4,0;0,0;0,0;0,0;1,0
STA386;5383;50,28269919;6,531766704;614,4614997;15:54:21;07.05.2026;5572977,473;324158,2925;566,3201624;0,175249;0,130241;0,372098;0,0;0,0;0,0;0,255282;0,130824;0,291483;0,003913;0,097042;-0,00325;2,3855607307297793;1,22;2,05;0,96;ppp_convergence;3,0;0,0;5,0;0,0;0,0;0,0;1,0
STA387;5384;50,28270658;6,531779643;614,3365264;15:54:22;07.05.2026;5572978,263;324159,2414;566,1951963;0,173871;0,129251;0,369511;0,0;0,0;0,0;0,253413;0,129828;0,289392;0,003879;0,096446;-0,003222;2,0905740838343903;1,08;1,79;0,92;ppp_convergence;4,0;0,0;6,0;0,0;0,0;0,0;1,0
STA388;5385;50,2827156;6,531793521;614,4426728;15:54:23;07.05.2026;5572979,233;324160,2632;566,3013512;0,172377;0,12818;0,366576;0,0;0,0;0,0;0,251334;0,128752;0,287047;0,003842;0,095734;-0,003192;2,0255616505058542;1,02;1,75;0,95;ppp_convergence;5,0;0,0;6,0;0,0;0,0;0,0;1,0
STA389;5386;50,2827244;6,531807953;614,3496798;15:54:24;07.05.2026;5572980,178;324161,3238;566,2083666;0,172149;0,12754;0,36554;0,0;0,0;0,0;0,250773;0,128118;0,286339;0,003878;0,09534;-0,003221;2,2407588000496617;1,03;1,99;1,04;ppp_convergence;5,0;0,0;5,0;0,0;0,0;0,0;1,0
STA390;5387;50,28273141;6,531822117;614,2228312;15:54:25;07.05.2026;5572980,923;324162,3585;566,0815251;0,17251;0,127444;0,365581;0,0;0,0;0,0;0,250999;0,128027;0,286508;0,003918;0,095186;-0,003255;2,38;1,12;2,1;1,05;ppp_convergence;5,0;0,0;5,0;0,0;0,0;0,0;1,0
STA391;5388;50,28273891;6,531836487;614,1506865;15:54:26;07.05.2026;5572981,723;324163,4098;566,0093878;0,173389;0,126486;0,364921;0,0;0,0;0,0;0,251236;0,127093;0,286467;0,004077;0,09444;-0,003387;2,2981731875557156;1,2;1,96;0,9;ppp_convergence;3,0;0,0;6,0;0,0;0,0;0,0;1,0
STA392;5389;50,28274678;6,531850606;614,1158145;15:54:27;07.05.2026;5572982,564;324164,4445;565,9745235;0,172785;0,126438;0,364763;0,0;0,0;0,0;0,250818;0,127038;0,286129;0,004029;0,094657;-0,003347;2,2981731875557156;1,2;1,96;0,93;ppp_convergence;3,0;0,0;6,0;0,0;0,0;0,0;1,0
STA393;5390;50,28275541;6,531864291;614,0155022;15:54:28;07.05.2026;5572983,492;324165,4512;565,8742195;0,171869;0,125913;0,363524;0,0;0,0;0,0;0,249773;0,126508;0,285024;0,003995;0,094495;-0,003319;2,1747873459260334;1,04;1,91;0,9;ppp_convergence;4,0;0,0;6,0;0,0;0,0;0,0;1,0
STA394;5391;50,28276285;6,531878885;613,9311959;15:54:29;07.05.2026;5572984,284;324166,5182;565,7899206;0,170929;0,125272;0,362158;0,0;0,0;0,0;0,248662;0,125863;0,283834;0,003969;0,094284;-0,003297;2,137849386650051;0,98;1,9;1,04;ppp_convergence;5,0;0,0;6,0;0,0;0,0;0,0;1,0
STA395;5392;50,28277084;6,531891525;613,8578867;15:54:30;07.05.2026;5572985,142;324167,448;565,716619;0,170183;0,124612;0,360795;0,0;0,0;0,0;0,247665;0,125202;0,282723;0,003962;0,09398;-0,003291;2,137849386650051;0,98;1,9;1,01;ppp_convergence;5,0;0,0;6,0;0,0;0,0;0,0;1,0
STA396;5393;50,28277872;6,531905612;613,6961867;15:54:31;07.05.2026;5572985,985;324168,4806;565,5549266;0,169672;0,124196;0,359968;0,0;0,0;0,0;0,247025;0,124785;0,282026;0,003953;0,093824;-0,003284;2,1971344974762013;1,05;1,93;1,07;ppp_convergence;4,0;0,0;6,0;0,0;0,0;0,0;1,0
STA397;5394;50,28278566;6,531920375;613,6403978;15:54:32;07.05.2026;5572986,722;324169,5578;565,4991449;0,169269;0,123762;0,35916;0,0;0,0;0,0;0,246457;0,124351;0,281384;0,003956;0,093625;-0,003286;2,1971344974762013;1,05;1,93;0,95;ppp_convergence;4,0;0,0;6,0;0,0;0,0;0,0;1,0
STA398;5395;50,28279335;6,531935104;613,5531987;15:54:33;07.05.2026;5572987,543;324170,6354;565,4119534;0,173378;0,125471;0,365795;0,0;0,0;0,0;0,251579;0,126091;0,286974;0,004165;0,094882;-0,00346;3,110401903291599;1,15;2,89;1,06;ppp_convergence;4,0;0,0;5,0;0,0;0,0;0,0;1,0
STA399;5396;50,28280116;6,531948658;613,5247809;15:54:34;07.05.2026;5572988,378;324171,6296;565,3835438;0,172795;0,12481;0,364374;0,0;0,0;0,0;0,250653;0,125431;0,285895;0,004172;0,09447;-0,003465;2,1971344974762013;1,05;1,93;0,99;ppp_convergence;4,0;0,0;6,0;0,0;0,0;0,0;1,0
STA400;5397;50,28280902;6,531963268;613,267318;15:54:35;07.05.2026;5572989,218;324172,6993;565,1260908;0,17341;0,125265;0,365124;0,0;0,0;0,0;0,251322;0,125888;0,286589;0,004185;0,094538;-0,003477;2,485155930721451;1,36;2,08;0,99;ppp_convergence;3,0;0,0;6,0;0,0;0,0;0,0;1,0
STA401;5398;50,2828171;6,531978458;613,1435427;15:54:36;07.05.2026;5572990,08;324173,8112;565,0023257;0,173181;0,12521;0,366473;0,0;0,0;0,0;0,251739;0,12583;0,287295;0,00417;0,095313;-0,003464;2,45246814454337;1,25;2,11;1,02;ppp_convergence;4,0;0,0;5,0;0,0;0,0;0,0;1,0
STA402;5399;50,28282491;6,531992673;613,175613;15:54:37;07.05.2026;5572990,915;324174,8525;565,0344057;0,178813;0,127906;0,376179;0,0;0,0;0,0;0,259012;0,128565;0,295322;0,004426;0,097334;-0,003676;3,533624201864143;1,21;3,32;0,9;ppp_convergence;3,0;0,0;5,0;0,0;0,0;0,0;1,0
STA403;5400;50,28283268;6,532007898;612,8912025;15:54:38;07.05.2026;5572991,742;324175,9656;564,7500052;0,183196;0,130815;0,385551;0,0;0,0;0,0;0,26542;0,131493;0,302649;0,004554;0,099795;-0,003783;3,5618113369464135;1,29;3,32;1,2;ppp_convergence;3,0;0,0;5,0;0,0;0,0;0,0;1,0
STA404;5401;50,28284034;6,532022032;612,7599392;15:54:39;07.05.2026;5572992,561;324177,0007;564,6187514;0,187535;0,133352;0,393653;0,0;0,0;0,0;0,271282;0,134054;0,309204;0,00471;0,101656;-0,003913;3,5618113369464135;1,29;3,32;0,96;ppp_convergence;0,0;0,0;0,0;0,0;0,0;0,0;1,0
STA405;5402;50,28284843;6,532036478;612,5396845;15:54:40;07.05.2026;5572993,426;324178,0596;564,3985067;0,186302;0,131971;0,39005;0,0;0,0;0,0;0,269081;0,132675;0,306569;0,004723;0,100492;-0,003924;2,2981731875557156;1,2;1,96;0,96;ppp_convergence;3,0;0,0;6,0;0,0;0,0;0,0;1,0
STA406;5403;50,2828559;6,532050502;612,4909179;15:54:41;07.05.2026;5572994,224;324179,0861;564,3497496;0,190147;0,13447;0,397695;0,0;0,0;0,0;0,274466;0,13519;0,312655;0,00484;0,102369;-0,004021;3,5618113369464135;1,29;3,32;0,81;ppp_convergence;3,0;0,0;5,0;0,0;0,0;0,0;1,0
STA407;5404;50,28286368;6,532065334;612,3084674;15:54:42;07.05.2026;5572995,054;324180,1713;564,167309;0,188135;0,133196;0,393794;0,0;0,0;0,0;0,271689;0,133907;0,30953;0,004776;0,101435;-0,003968;2,2981731875557156;1,2;1,96;0,76;ppp_convergence;3,0;0,0;6,0;0,0;0,0;0,0;1,0
STA408;5405;50,28287204;6,532079455;612,36449;15:54:43;07.05.2026;5572995,95;324181,208;564,2233416;0,185748;0,13229;0,39039;0,0;0,0;0,0;0,268898;0,132982;0,306549;0,004647;0,100926;-0,003861;2,2981731875557156;1,2;1,96;0,79;ppp_convergence;3,0;0,0;6,0;0,0;0,0;0,0;1,0
STA409;5406;50,28287933;6,532093421;612,1496979;15:54:44;07.05.2026;5572996,727;324182,2297;564,0085588;0,190609;0,134174;0,397392;0,0;0,0;0,0;0,27461;0,134905;0,31266;0,004906;0,101998;-0,004076;3,5618113369464135;1,29;3,32;0,75;ppp_convergence;3,0;0,0;5,0;0,0;0,0;0,0;1,0
STA410;5407;50,28288699;6,532107656;611,9868831;15:54:45;07.05.2026;5572997,545;324183,272;563,8457536;0,193552;0,136589;0,404227;0,0;0,0;0,0;0,279138;0,137326;0,317904;0,004952;0,103914;-0,004114;3,5618113369464135;1,29;3,32;0,75;ppp_convergence;3,0;0,0;5,0;0,0;0,0;0,0;1,0
STA411;5408;50,28289505;6,532123173;611,7872809;15:54:46;07.05.2026;5572998,404;324184,407;563,6461617;0,191344;0,134856;0,399474;0,0;0,0;0,0;0,275895;0,135587;0,314192;0,004911;0,10266;-0,00408;2,2981731875557156;1,2;1,96;0,85;ppp_convergence;3,0;0,0;6,0;0,0;0,0;0,0;1,0
STA412;5409;50,28290315;6,532136592;611,6438968;15:54:47;07.05.2026;5572999,273;324185,3928;563,5027873;0,188587;0,133538;0,394889;0,0;0,0;0,0;0,272402;0,13425;0,310361;0,004786;0,101752;-0,003976;2,252487513838867;1,11;1,96;0,83;ppp_convergence;4,0;0,0;6,0;0,0;0,0;0,0;1,0
STA413;5410;50,28291079;6,532151738;611,5306644;15:54:48;07.05.2026;5573000,087;324186,4998;563,3895648;0,18628;0,132165;0,390596;0,0;0,0;0,0;0,269291;0,132865;0,306884;0,004705;0,100771;-0,003908;2,252487513838867;1,11;1,96;0,79;ppp_convergence;4,0;0,0;6,0;0,0;0,0;0,0;1,0
STA414;5411;50,28291863;6,532166025;611,532516;15:54:49;07.05.2026;5573000,924;324187,5464;563,3914261;0,18436;0,130848;0,386531;0,0;0,0;0,0;0,2665;0,131541;0,303698;0,004652;0,099712;-0,003865;2,252487513838867;1,11;1,96;1,02;ppp_convergence;4,0;0,0;6,0;0,0;0,0;0,0;1,0
STA415;5412;50,28292556;6,532179401;611,4244991;15:54:50;07.05.2026;5573001,664;324188,5248;563,283418;0,182805;0,12958;0,384045;0,0;0,0;0,0;0,264567;0,130269;0,301594;0,004627;0,099252;-0,003844;2,34081182498722;1,13;2,05;1,1;ppp_convergence;5,0;0,0;5,0;0,0;0,0;0,0;1,0
STA416;5413;50,2829325;6,532193078;611,0766852;15:54:51;07.05.2026;5573002,403;324189,5246;562,9356131;0,181435;0,128542;0,381551;0,0;0,0;0,0;0,262741;0,129226;0,299561;0,004598;0,098698;-0,00382;2,34081182498722;1,13;2,05;1,0;ppp_convergence;5,0;0,0;5,0;0,0;0,0;0,0;1,0
STA417;5414;50,2829405;6,532208009;611,1365281;15:54:52;07.05.2026;5573003,257;324190,6177;562,9954661;0,18023;0,127613;0,379151;0,0;0,0;0,0;0,26105;0,128294;0,29765;0,004574;0,098109;-0,0038;2,34081182498722;1,13;2,05;1,08;ppp_convergence;5,0;0,0;5,0;0,0;0,0;0,0;1,0
STA418;5415;50,28294912;6,532222332;611,1148775;15:54:53;07.05.2026;5573004,182;324191,6697;562,9738257;0,17856;0,126212;0,37517;0,0;0,0;0,0;0,258438;0,126889;0,294614;0,004551;0,096971;-0,003781;2,137849386650051;0,98;1,9;0,77;ppp_convergence;5,0;0,0;6,0;0,0;0,0;0,0;1,0
STA419;5416;50,28295686;6,532236239;610,93339;15:54:54;07.05.2026;5573005,009;324192,6889;562,7923478;0,17773;0,124931;0,371191;0,0;0,0;0,0;0,256319;0,125615;0,291919;0,00459;0,095426;-0,003813;2,170023041352326;1,03;1,91;0,81;ppp_convergence;5,0;0,0;5,0;0,0;0,0;0,0;1,0
STA420;5417;50,28296438;6,532250054;610,9889806;15:54:55;07.05.2026;5573005,813;324193,7007;562,8479478;0,176907;0,12464;0,370713;0,0;0,0;0,0;0,255641;0,125317;0,291303;0,004544;0,095593;-0,003775;2,428373941550189;1,09;2,17;0,84;ppp_convergence;5,0;0,0;4,0;0,0;0,0;0,0;1,0
STA421;5418;50,28297369;6,532262697;611,3173397;15:54:56;07.05.2026;5573006,817;324194,6356;563,1763173;0,16926;0,118141;0,394651;0,0;0,0;0,0;0,260899;0,118802;0,30235;0,004444;0,11111;-0,003692;2,930614270080592;1,39;2,58;1,07;ppp_convergence;3,0;0,0;4,0;0,0;0,0;0,0;1,0
STA422;5419;50,28298042;6,532276305;610,8781896;15:54:57;07.05.2026;5573007,533;324195,6298;562,7371759;0,169767;0,118591;0,392044;0,0;0,0;0,0;0,260134;0,119254;0,301014;0,004449;0,109579;-0,003696;2,2775425352778815;1,16;1,96;0,8;ppp_convergence;4,0;0,0;5,0;0,0;0,0;0,0;1,0
STA423;5420;50,28298664;6,5322901;610,6342583;15:54:58;07.05.2026;5573008,192;324196,6353;562,4932531;0,172;0,120032;0,40313;0,0;0,0;0,0;0,265976;0,120704;0,308481;0,004518;0,113936;-0,003753;3,296209944769902;1,69;2,83;0,85;ppp_convergence;2,0;0,0;4,0;0,0;0,0;0,0;1,0
STA424;5421;50,28299357;6,532302043;609,7809464;15:54:59;07.05.2026;5573008,935;324197,5116;561,6399496;0,169491;0,118396;0,410775;0,0;0,0;0,0;0,26762;0,119057;0,311985;0,004442;0,118922;-0,00369;2,6130633363927482;1,41;2,2;0,81;ppp_convergence;3,0;0,0;4,0;0,0;0,0;0,0;1,0
STA425;5422;50,28300635;6,532316721;610,8321847;15:55:00;07.05.2026;5573010,321;324198,6043;562,6912013;0,170076;0,111855;0,427577;0,0;0,0;0,0;0,274772;0,112609;0,322127;0,005062;0,126938;-0,004205;2,8488769717206113;1,25;2,56;1,11;ppp_convergence;2,0;0,0;5,0;0,0;0,0;0,0;1,0
STA426;5423;50,28301491;6,532329759;610,7753134;15:55:01;07.05.2026;5573011,241;324199,5646;562,6343399;0,167401;0,110804;0,437569;0,0;0,0;0,0;0,277282;0,111537;0,326956;0,004921;0,133154;-0,004088;2,569065978132909;1,24;2,25;1,0;ppp_convergence;5,0;0,0;4,0;0,0;0,0;0,0;1,0
STA427;5424;50,28302308;6,532343494;610,5466039;15:55:02;07.05.2026;5573012,118;324200,5731;562,4056403;0,166735;0,110948;0,437175;0,0;0,0;0,0;0,276733;0,11167;0,326455;0,00485;0,133282;-0,004029;2,161226503631676;1,03;1,9;1,07;ppp_convergence;5,0;0,0;5,0;0,0;0,0;0,0;1,0
STA428;5425;50,28303279;6,532356733;610,3020239;15:55:03;07.05.2026;5573013,165;324201,5519;562,1610711;0,169816;0,114784;0,445203;0,0;0,0;0,0;0,281839;0,115496;0,332467;0,004785;0,135709;-0,003975;3,1524117751334453;2,36;2,09;0,83;ppp_convergence;3,0;0,0;5,0;0,0;0,0;0,0;1,0
STA429;5426;50,28304219;6,532371095;610,1812373;15:55:04;07.05.2026;5573014,176;324202,6096;562,0402954;0,170034;0,117463;0,445157;0,0;0,0;0,0;0,281968;0,118143;0,332542;0,004571;0,135563;-0,003797;2,493531632043195;1,36;2,09;0,83;ppp_convergence;3,0;0,0;6,0;0,0;0,0;0,0;1,0
STA430;5427;50,28305125;6,53238465;610,2055168;15:55:05;07.05.2026;5573015,152;324203,6085;562,0645853;0,169936;0,1167;0,444743;0,0;0,0;0,0;0,281736;0,117389;0,332254;0,004628;0,135412;-0,003845;2,252487513838867;1,11;1,96;0,94;ppp_convergence;4,0;0,0;6,0;0,0;0,0;0,0;1,0
STA431;5428;50,28306062;6,532398244;609,9193527;15:55:06;07.05.2026;5573016,161;324204,6114;561,7784319;0,170421;0,116151;0,445059;0,0;0,0;0,0;0,282144;0,116853;0,332633;0,004718;0,135336;-0,00392;2,354400135915728;1,14;2,06;0,71;ppp_convergence;4,0;0,0;5,0;0,0;0,0;0,0;1,0
STA432;5429;50,28307105;6,532406209;609,9109885;15:55:07;07.05.2026;5573017,302;324205,2172;561,7700775;0,171065;0,116553;0,446096;0,0;0,0;0,0;0,282947;0,117259;0,333509;0,004739;0,13553;-0,003937;2,4739644298170496;1,37;2,06;0,99;ppp_convergence;4,0;0,0;4,0;0,0;0,0;0,0;1,0
STA433;5430;50,28308043;6,53241822;609,8122207;15:55:08;07.05.2026;5573018,317;324206,1075;561,6713199;0,173028;0,131339;0,452392;0,0;0,0;0,0;0,286777;0,131878;0,338103;0,003625;0,137579;-0,003011;3,6726693289758607;3,02;2,09;1,13;ppp_convergence;2,0;0,0;5,0;0,0;0,0;0,0;1,0
STA434;5431;50,2830893;6,532430078;609,8859202;15:55:09;07.05.2026;5573019,274;324206,9848;561,7450292;0,172173;0,130734;0,451723;0,0;0,0;0,0;0,286;0,13127;0,33736;0,003603;0,137669;-0,002993;2,2981731875557156;1,2;1,96;1,04;ppp_convergence;3,0;0,0;6,0;0,0;0,0;0,0;1,0
STA435;5432;50,28309985;6,532443558;609,5256587;15:55:10;07.05.2026;5573020,415;324207,9839;561,3847792;0,17233;0,129963;0,452706;0,0;0,0;0,0;0,286487;0,130511;0,338001;0,003683;0,13808;-0,00306;2,452039967047846;1,33;2,06;0,76;ppp_convergence;4,0;0,0;5,0;0,0;0,0;0,0;1,0
STA436;5433;50,28310932;6,532456736;609,4082467;15:55:11;07.05.2026;5573021,438;324208,9575;561,2673779;0,172749;0,129901;0,453179;0,0;0,0;0,0;0,286925;0,130455;0,338449;0,003725;0,13811;-0,003095;2,493531632043195;1,36;2,09;0,93;ppp_convergence;3,0;0,0;6,0;0,0;0,0;0,0;1,0
STA437;5434;50,28311923;6,532467787;609,3865935;15:55:12;07.05.2026;5573022,512;324209,7812;561,245735;0,174891;0,132394;0,457929;0,0;0,0;0,0;0,290134;0,132944;0,342137;0,003695;0,13939;-0,003069;3,0188739622581133;1,6;2,56;0,87;ppp_convergence;3,0;0,0;4,0;0,0;0,0;0,0;1,0
STA438;5435;50,28312872;6,532479836;609,0622539;15:55:13;07.05.2026;5573023,54;324210,6745;560,9214056;0,176495;0,137535;0,466546;0,0;0,0;0,0;0,294628;0,138039;0,347908;0,003387;0,142814;-0,002814;3,387875440449368;2,61;2,16;0,96;ppp_convergence;2,0;0,0;5,0;0,0;0,0;0,0;1,0
STA439;5436;50,28313904;6,532490067;609,0760791;15:55:14;07.05.2026;5573024,662;324211,4413;560,9352413;0,175327;0,138689;0,462661;0,0;0,0;0,0;0,292369;0,139163;0,345145;0,003185;0,141464;-0,002646;2,304951192541829;1,18;1,98;1,09;ppp_convergence;3,0;0,0;6,0;0,0;0,0;0,0;1,0
STA440;5437;50,28314857;6,532502847;609,0716179;15:55:15;07.05.2026;5573025,692;324212,3867;560,9307905;0,175393;0,138563;0,462086;0,0;0,0;0,0;0,292172;0,139039;0,344831;0,003202;0,14115;-0,00266;2,49899979991996;1,37;2,09;1,01;ppp_convergence;3,0;0,0;6,0;0,0;0,0;0,0;1,0
STA441;5438;50,2831585;6,532514686;608,8559295;15:55:16;07.05.2026;5573026,768;324213,2667;560,7151127;0,175432;0,138521;0,462401;0,0;0,0;0,0;0,292323;0,138999;0,345033;0,003209;0,141286;-0,002666;2,5551907952244974;1,47;2,09;1,12;ppp_convergence;2,0;0,0;6,0;0,0;0,0;0,0;1,0
STA442;5439;50,2831667;6,53252785;608,6288274;15:55:17;07.05.2026;5573027,648;324214,2346;560,4880203;0,174035;0,137197;0,470176;0,0;0,0;0,0;0,294671;0,137674;0,349063;0,003203;0,145794;-0,002661;2,794154612758571;1,48;2,37;0,81;ppp_convergence;3,0;0,0;5,0;0,0;0,0;0,0;1,0
STA443;5440;50,28317568;6,532540124;608,3809189;15:55:18;07.05.2026;5573028,618;324215,142;560,2401218;0,172091;0,135445;0,475216;0,0;0,0;0,0;0,29558;0,135919;0,351253;0,003186;0,149226;-0,002647;2,554094751570505;1,55;2,03;0,79;ppp_convergence;2,0;0,0;6,0;0,0;0,0;0,0;1,0
STA444;5441;50,28318571;6,532552618;608,4060898;15:55:19;07.05.2026;5573029,703;324216,069;560,2653035;0,173927;0,139603;0,478101;0,0;0,0;0,0;0,297862;0,140048;0,353721;0,002984;0,149726;-0,002479;3,024235440570062;2,32;1,94;0,86;ppp_convergence;4,0;0,0;5,0;0,0;0,0;0,0;1,0
STA445;5442;50,28319522;6,53256814;608,4637917;15:55:20;07.05.2026;5573030,724;324217,2097;560,3230168;0,173655;0,141368;0,473606;0,0;0,0;0,0;0,295881;0,141786;0,350961;0,002807;0,147638;-0,002332;2,3692192806914263;1,36;1,94;0,81;ppp_convergence;4,0;0,0;6,0;0,0;0,0;0,0;1,0
STA446;5443;50,28320498;6,532578679;608,2935117;15:55:21;07.05.2026;5573031,784;324217,9964;560,1527468;0,174546;0,140908;0,470889;0,0;0,0;0,0;0,295289;0,141344;0,349711;0,002925;0,145873;-0,00243;2,3847222060441338;1,13;2,1;0,98;ppp_convergence;5,0;0,0;5,0;0,0;0,0;0,0;1,0
STA447;5444;50,28321466;6,532590509;608,1366478;15:55:22;07.05.2026;5573032,832;324218,8747;559,9958933;0,17396;0,139925;0,468098;0,0;0,0;0,0;0,293799;0,140366;0,347818;0,002959;0,144792;-0,002458;2,2415396494374127;1,14;1,93;0,78;ppp_convergence;5,0;0,0;5,0;0,0;0,0;0,0;1,0
STA448;5445;50,28322465;6,532603024;608,0302591;15:55:23;07.05.2026;5573033,913;324219,8031;559,8895154;0,179931;0,143659;0,482756;0,0;0,0;0,0;0,3033;0,144128;0,358917;0,003154;0,149076;-0,00262;3,8827953847711316;1,55;3,56;0,75;ppp_convergence;3,0;0,0;3,0;0,0;0,0;0,0;1,0
STA449;5446;50,28323456;6,532613325;607,6848441;15:55:24;07.05.2026;5573034,991;324220,5734;559,5441105;0,191176;0,147342;0,492296;0,0;0,0;0,0;0,313791;0,147909;0,369114;0,003811;0,148286;-0,003166;3,9497468273295695;1,46;3,67;0,76;ppp_convergence;3,0;0,0;5,0;0,0;0,0;0,0;1,0
STA450;5447;50,2832446;6,532625573;607,3644454;15:55:25;07.05.2026;5573036,077;324221,4828;559,2237225;0,203506;0,152369;0,508012;0,0;0,0;0,0;0,327448;0,153031;0,383408;0,004446;0,149996;-0,003693;4,479252169726549;1,71;4,14;0,64;ppp_convergence;2,0;0,0;4,0;0,0;0,0;0,0;1,0
STA451;5448;50,28325345;6,532639355;606,9499265;15:55:26;07.05.2026;5573037,029;324222,4972;558,809214;0,203959;0,157896;0,521765;0,0;0,0;0,0;0,33337;0,158492;0,391758;0,004005;0,156502;-0,003327;3,9931065600607254;1,55;3,68;0,89;ppp_convergence;2,0;0,0;5,0;0,0;0,0;0,0;1,0
STA452;5449;50,28326103;6,532651694;606,3786788;15:55:27;07.05.2026;5573037,843;324223,4041;558,2379753;0,221243;0,173116;0,582921;0,0;0,0;0,0;0,368552;0,173739;0,434989;0,004184;0,178079;-0,003476;7,535847663003811;3,43;6,71;0,68;ppp_convergence;1,0;0,0;4,0;0,0;0,0;0,0;1,0
STA453;5450;50,28327092;6,532666231;606,5310248;15:55:28;07.05.2026;5573038,908;324224,476;558,3903326;0,215542;0,166063;0,586939;0,0;0,0;0,0;0,366809;0,166703;0,435032;0,004302;0,182864;-0,003574;2,8705748553207946;1,59;2,39;0,78;ppp_convergence;2,0;0,0;5,0;0,0;0,0;0,0;1,0
STA454;5451;50,28327892;6,532680409;606,5707097;15:55:29;07.05.2026;5573039,764;324225,5154;558,4300273;0,217123;0,164698;0,592869;0,0;0,0;0,0;0,370142;0,165377;0,43917;0,004558;0,185021;-0,003786;3,590891254271006;1,24;3,37;0,89;ppp_convergence;4,0;0,0;4,0;0,0;0,0;0,0;1,0
STA455;5452;50,2832871;6,532695682;606,5249786;15:55:30;07.05.2026;5573040,637;324226,6335;558,3843065;0,221577;0,166897;0,609727;0,0;0,0;0,0;0,379644;0,167605;0,450952;0,004754;0,191132;-0,003949;4,475444112040726;1,7;4,14;0,75;ppp_convergence;2,0;0,0;4,0;0,0;0,0;0,0;1,0
STA456;5453;50,28329534;6,532709481;606,4283529;15:55:31;07.05.2026;5573041,521;324227,6468;558,2876908;0,220077;0,165389;0,608566;0,0;0,0;0,0;0,378283;0,166096;0,449653;0,004755;0,191299;-0,00395;3,1196954979612994;1,15;2,9;0,78;ppp_convergence;4,0;0,0;5,0;0,0;0,0;0,0;1,0
STA457;5454;50,2833034;6,532724018;606,3101037;15:55:32;07.05.2026;5573042,382;324228,712;558,1694515;0,219539;0,164247;0,606388;0,0;0,0;0,0;0,37707;0,164963;0,448141;0,004807;0,190496;-0,003994;3,1196954979612994;1,15;2,9;0,75;ppp_convergence;4,0;0,0;5,0;0,0;0,0;0,0;1,0
STA458;5455;50,28331162;6,532738628;606,1382475;15:55:33;07.05.2026;5573043,262;324229,783;557,9976055;0,218632;0,163295;0,603974;0,0;0,0;0,0;0,375547;0,164011;0,446342;0,004811;0,189756;-0,003997;3,085206638136253;1,08;2,89;0,72;ppp_convergence;5,0;0,0;5,0;0,0;0,0;0,0;1,0
STA459;5456;50,28331878;6,532753902;606,0207342;15:55:34;07.05.2026;5573044,021;324230,8974;557,8801017;0,219948;0,163746;0,606129;0,0;0,0;0,0;0,377199;0,164474;0,44815;0,004886;0,190174;-0,004059;3,5242304124446804;1,21;3,31;0,8;ppp_convergence;4,0;0,0;5,0;0,0;0,0;0,0;1,0
STA460;5457;50,28332644;6,53277183;605,9107533;15:55:35;07.05.2026;5573044,831;324232,2027;557,7701315;0,222961;0,165566;0,612884;0,0;0,0;0,0;0,381731;0,166309;0,453371;0,00499;0,192021;-0,004145;3,959040287746514;1,46;3,68;0,72;ppp_convergence;3,0;0,0;5,0;0,0;0,0;0,0;1,0
STA461;5458;50,28333383;6,532787336;605,7963213;15:55:36;07.05.2026;5573045,615;324233,3345;557,6557092;0,225221;0,167269;0,619206;0,0;0,0;0,0;0,385645;0,168019;0,458032;0,005039;0,19402;-0,004186;3,959040287746514;1,46;3,68;0,7;ppp_convergence;3,0;0,0;5,0;0,0;0,0;0,0;1,0
STA462;5459;50,28334045;6,53280353;605,7831006;15:55:37;07.05.2026;5573046,314;324234,5124;557,6424979;0,228254;0,167829;0,621521;0,0;0,0;0,0;0,388366;0,168611;0,460626;0,005254;0,193683;-0,004364;3,7730756684699553;1,25;3,56;0,78;ppp_convergence;4,0;0,0;4,0;0,0;0,0;0,0;1,0
STA463;5460;50,28334621;6,532819386;605,5550232;15:55:38;07.05.2026;5573046,916;324235,6631;557,4144291;0,230333;0,167313;0,621445;0,0;0,0;0,0;0,389545;0,168128;0,461417;0,005479;0,192641;-0,004552;3,552492083031291;1,29;3,31;0,72;ppp_convergence;3,0;0,0;5,0;0,0;0,0;0,0;1,0
STA464;5461;50,28335309;6,532837689;605,4921637;15:55:39;07.05.2026;5573047,638;324236,9922;557,3515796;0,225543;0,163941;0,610315;0,0;0,0;0,0;0,382178;0,164739;0,452883;0,005356;0,189515;-0,004449;2,3686282950264697;1,3;1,98;0,76;ppp_convergence;2,0;0,0;6,0;0,0;0,0;0,0;1,0
STA465;5462;50,28335834;6,532855321;605,6486397;15:55:40;07.05.2026;5573048,181;324238,2675;557,5080645;0,220134;0,161265;0,599605;0,0;0,0;0,0;0,374624;0,162027;0,444352;0,005119;0,186893;-0,004252;2,304951192541829;1,18;1,98;0,8;ppp_convergence;3,0;0,0;6,0;0,0;0,0;0,0;1,0
STA466;5463;50,28336414;6,532872469;605,4935095;15:55:41;07.05.2026;5573048,784;324239,5104;557,3529433;0,220015;0,160312;0,597409;0,0;0,0;0,0;0,373651;0,161085;0,443;0,005191;0,185877;-0,004312;3,114113035841827;1,16;2,89;0,75;ppp_convergence;4,0;0,0;5,0;0,0;0,0;0,0;1,0
STA467;5464;50,28336999;6,532890079;605,2913287;15:55:42;07.05.2026;5573049,394;324240,7864;557,1507716;0,219795;0,160132;0,599421;0,0;0,0;0,0;0,374343;0,160904;0,444101;0,005188;0,186974;-0,004309;3,3724175304964836;1,46;3,04;0,92;ppp_convergence;4,0;0,0;4,0;0,0;0,0;0,0;1,0
STA468;5465;50,28337541;6,532909156;605,115634;15:55:43;07.05.2026;5573049,951;324242,1653;556,9750862;0,219216;0,159332;0,597515;0,0;0,0;0,0;0,37322;0,160108;0,442735;0,005207;0,186323;-0,004325;3,114113035841827;1,16;2,89;0,91;ppp_convergence;4,0;0,0;5,0;0,0;0,0;0,0;1,0
STA469;5466;50,2833802;6,532927459;605,1715682;15:55:44;07.05.2026;5573050,44;324243,4867;557,031029;0,214967;0,156119;0,58558;0,0;0,0;0,0;0,365841;0,156881;0,433944;0,005117;0,182538;-0,004251;2,137849386650051;0,98;1,9;0,89;ppp_convergence;5,0;0,0;6,0;0,0;0,0;0,0;1,0
STA470;5467;50,28338495;6,532944989;605,0404918;15:55:45;07.05.2026;5573050,927;324244,7529;556,8999609;0,214484;0,155784;0,584383;0,0;0,0;0,0;0,365068;0,156544;0,43304;0,005104;0,182187;-0,00424;3,081720298794165;1,07;2,89;0,75;ppp_convergence;5,0;0,0;5,0;0,0;0,0;0,0;1,0
STA471;5468;50,28338984;6,532962272;604,9178794;15:55:46;07.05.2026;5573051,429;324246,002;556,7773569;0,210671;0,153017;0,573855;0,0;0,0;0,0;0,35852;0,153763;0,425258;0,005013;0,178879;-0,004164;2,1747873459260334;1,04;1,91;0,83;ppp_convergence;4,0;0,0;6,0;0,0;0,0;0,0;1,0
STA472;5469;50,28339406;6,532981268;604,8220362;15:55:47;07.05.2026;5573051,854;324247,3707;556,6815221;0,213334;0,154169;0,578128;0,0;0,0;0,0;0,36183;0,154934;0,428867;0,005144;0,17968;-0,004273;3,552492083031291;1,29;3,31;0,74;ppp_convergence;3,0;0,0;5,0;0,0;0,0;0,0;1,0
STA473;5470;50,28339733;6,533000108;604,8667519;15:55:48;07.05.2026;5573052,172;324248,7248;556,7262455;0,215284;0,155218;0,58229;0,0;0,0;0,0;0,364676;0,155995;0,432121;0,005223;0,180773;-0,004339;3,552492083031291;1,29;3,31;0,74;ppp_convergence;3,0;0,0;5,0;0,0;0,0;0,0;1,0
STA474;5471;50,28340136;6,533019478;604,545435;15:55:49;07.05.2026;5573052,575;324250,1194;556,404937;0,212558;0,152975;0,574317;0,0;0,0;0,0;0,359811;0,153746;0,426292;0,005181;0,178191;-0,004304;2,437314095474771;1,22;2,11;0,79;ppp_convergence;4,0;0,0;5,0;0,0;0,0;0,0;1,0
STA475;5472;50,28340578;6,533037528;604,3821071;15:55:50;07.05.2026;5573053,023;324251,4214;556,2416173;0,20824;0,150479;0,564056;0,0;0,0;0,0;0,35308;0,151226;0,418467;0,005022;0,175259;-0,004172;2,1147340258292533;1,11;1,8;0,7;ppp_convergence;5,0;0,0;6,0;0,0;0,0;0,0;1,0
STA476;5473;50,2834085;6,533056156;604,3041107;15:55:51;07.05.2026;5573053,282;324252,7584;556,1636281;0,20572;0,148731;0,557205;0,0;0,0;0,0;0,348798;0,149469;0,41339;0,004955;0,173125;-0,004116;2,3935329536064462;1,13;2,11;0,73;ppp_convergence;5,0;0,0;5,0;0,0;0,0;0,0;1,0
STA477;5474;50,28341258;6,533074206;604,1470581;15:55:52;07.05.2026;5573053,693;324254,0592;556,0065836;0,202919;0,146597;0,549417;0,0;0,0;0,0;0,343966;0,147326;0,407641;0,004897;0,170669;-0,004068;2,227195545972558;0,98;2,0;0,71;ppp_convergence;6,0;0,0;5,0;0,0;0,0;0,0;1,0
STA478;5475;50,28341605;6,533093336;604,0019837;15:55:53;07.05.2026;5573054,034;324255,4346;555,861517;0,199829;0,144329;0,542649;0,0;0,0;0,0;0,33938;0,145048;0,402379;0,004826;0,168856;-0,004009;2,19692967570653;1,12;1,89;0,72;ppp_convergence;6,0;0,0;5,0;0,0;0,0;0,0;1,0
STA479;5476;50,28342;6,533112428;603,9665955;15:55:54;07.05.2026;5573054,428;324256,8092;555,8261371;0,197595;0,142527;0,536168;0,0;0,0;0,0;0,335415;0,14324;0,397634;0,004788;0,166766;-0,003978;2,227195545972558;0,98;2,0;1,02;ppp_convergence;6,0;0,0;5,0;0,0;0,0;0,0;1,0
STA480;5477;50,28342379;6,533132267;603,7839748;15:55:55;07.05.2026;5573054,802;324258,2363;555,6435246;0,195109;0,140502;0,5283;0,0;0,0;0,0;0,330735;0,141209;0,391966;0,004748;0,164118;-0,003944;2,0615528128088303;1,04;1,78;0,74;ppp_convergence;5,0;0,0;6,0;0,0;0,0;0,0;1,0
STA481;5478;50,28342725;6,533151244;603,7738068;15:55:56;07.05.2026;5573055,142;324259,6008;555,6333645;0,194525;0,139927;0,525157;0,0;0,0;0,0;0,329107;0,140634;0,389868;0,004747;0,16286;-0,003944;2,4973586046060747;1,32;2,12;0,89;ppp_convergence;3,0;0,0;5,0;0,0;0,0;0,0;1,0
STA482;5479;50,2834311;6,533169425;603,5306541;15:55:57;07.05.2026;5573055,527;324260,9102;555,3902196;0,195325;0,140417;0,528247;0,0;0,0;0,0;0,330839;0,141127;0,392021;0,004774;0,163987;-0,003966;2,990551788550066;1,97;2,25;0,68;ppp_convergence;3,0;0,0;5,0;0,0;0,0;0,0;1,0
STA483;5480;50,28343524;6,533188192;603,4834923;15:55:58;07.05.2026;5573055,943;324262,2622;555,3430661;0,193345;0,139196;0,522705;0,0;0,0;0,0;0,327411;0,139897;0,387939;0,004708;0,162232;-0,003911;2,230807028857494;1,29;1,82;0,7;ppp_convergence;3,0;0,0;6,0;0,0;0,0;0,0;1,0
STA484;5481;50,28343975;6,533207222;603,4933436;15:55:59;07.05.2026;5573056,4;324263,6344;555,352926;0,191206;0,13762;0,516464;0,0;0,0;0,0;0,323601;0,138313;0,383375;0,004659;0,160212;-0,003871;2,1083880098312076;1,13;1,78;0,89;ppp_convergence;4,0;0,0;6,0;0,0;0,0;0,0;1,0
STA485;5482;50,28344473;6,533226899;603,4404161;15:56:00;07.05.2026;5573056,906;324265,0543;555,3000076;0,188954;0,135826;0,509668;0,0;0,0;0,0;0,319497;0,136513;0,378437;0,00462;0,157975;-0,003838;2,009601950635996;0,97;1,76;0,89;ppp_convergence;6,0;0,0;6,0;0,0;0,0;0,0;1,0
STA486;5483;50,28344701;6,533244292;603,4627844;15:56:01;07.05.2026;5573057,12;324266,3017;555,3223825;0,186889;0,134161;0,503447;0,0;0,0;0,0;0,315738;0,134843;0,373915;0,004585;0,15593;-0,003809;2,009601950635996;0,97;1,76;1,04;ppp_convergence;6,0;0,0;6,0;0,0;0,0;0,0;1,0
STA487;5484;50,28345082;6,533262918;603,2999801;15:56:02;07.05.2026;5573057,499;324267,6425;555,1595861;0,184995;0,13262;0,497752;0,0;0,0;0,0;0,312295;0,133298;0,369774;0,004554;0,15406;-0,003783;2,009601950635996;0,97;1,76;0,72;ppp_convergence;6,0;0,0;6,0;0,0;0,0;0,0;1,0
STA488;5485;50,28345535;6,533280929;603,1400689;15:56:03;07.05.2026;5573057,96;324268,9422;554,9996831;0,18327;0,131199;0,492517;0,0;0,0;0,0;0,309139;0,131873;0,365973;0,004528;0,152333;-0,003761;2,009601950635996;0,97;1,76;0,86;ppp_convergence;6,0;0,0;6,0;0,0;0,0;0,0;1,0
STA489;5486;50,28345971;6,533298896;603,0876261;15:56:04;07.05.2026;5573058,402;324270,2381;554,9472485;0,181699;0,129891;0,487691;0,0;0,0;0,0;0,306241;0,130562;0,362478;0,004505;0,150731;-0,003742;2,009601950635996;0,97;1,76;0,85;ppp_convergence;6,0;0,0;6,0;0,0;0,0;0,0;1,0
STA490;5487;50,28346486;6,533316494;603,0533127;15:56:05;07.05.2026;5573058,933;324271,5106;554,9129437;0,18027;0,128687;0,483231;0,0;0,0;0,0;0,303576;0,129354;0,359257;0,004485;0,14924;-0,003726;2,009601950635996;0,97;1,76;1,05;ppp_convergence;6,0;0,0;6,0;0,0;0,0;0,0;1,0
STA491;5488;50,28346951;6,533334131;602,9501084;15:56:06;07.05.2026;5573059,408;324272,7841;554,8097476;0,17897;0,127577;0,479096;0,0;0,0;0,0;0,30112;0,128242;0,35628;0,004469;0,147845;-0,003712;2,009601950635996;0,97;1,76;0,76;ppp_convergence;6,0;0,0;6,0;0,0;0,0;0,0;1,0
STA492;5489;50,28347422;6,533351782;602,8508439;15:56:07;07.05.2026;5573059,891;324274,0588;554,7104914;0,177983;0,126665;0,475771;0,0;0,0;0,0;0,299179;0,127329;0,35391;0,004462;0,146695;-0,003707;2,0615528128088303;1,04;1,78;1,05;ppp_convergence;5,0;0,0;6,0;0,0;0,0;0,0;1,0
STA493;5490;50,28347907;6,533369612;602,7256926;15:56:08;07.05.2026;5573060,388;324275,3467;554,5853486;0,178301;0,12619;0,474525;0,0;0,0;0,0;0,298852;0,126864;0,353299;0,004531;0,145932;-0,003764;2,272377609465469;1,06;2,01;1,05;ppp_convergence;5,0;0,0;5,0;0,0;0,0;0,0;1,0
STA494;5491;50,28348362;6,533386395;602,6296383;15:56:09;07.05.2026;5573060,854;324276,559;554,4893022;0,177419;0,125343;0,471476;0,0;0,0;0,0;0,297086;0,126018;0,351135;0,004528;0,144866;-0,003762;2,0615528128088303;1,04;1,78;0,96;ppp_convergence;5,0;0,0;6,0;0,0;0,0;0,0;1,0
STA495;5492;50,28348858;6,53340208;602,4750092;15:56:10;07.05.2026;5573061,368;324277,6945;554,334681;0,176422;0,124631;0,468701;0,0;0,0;0,0;0,295365;0,125302;0,349087;0,004503;0,143991;-0,003741;2,0615528128088303;1,04;1,78;1,01;ppp_convergence;5,0;0,0;6,0;0,0;0,0;0,0;1,0
STA496;5493;50,28349321;6,533416822;602,4246912;15:56:11;07.05.2026;5573061,848;324278,7617;554,2843704;0,176496;0,124245;0,467578;0,0;0,0;0,0;0,294947;0,124921;0,348451;0,004544;0,143405;-0,003774;2,236179778103719;0,98;2,01;0,91;ppp_convergence;6,0;0,0;5,0;0,0;0,0;0,0;1,0
STA497;5494;50,28349989;6,533433289;602,3009214;15:56:12;07.05.2026;5573062,551;324279,9593;554,1606098;0,175563;0,123422;0,46436;0,0;0,0;0,0;0,293082;0,124097;0,346167;0,004534;0,142282;-0,003766;2,009601950635996;0,97;1,76;0,93;ppp_convergence;6,0;0,0;6,0;0,0;0,0;0,0;1,0
STA498;5495;50,2835059;6,533448273;602,2793207;15:56:13;07.05.2026;5573063,185;324281,0488;554,1390175;0,174555;0,122725;0,461386;0,0;0,0;0,0;0,291273;0,123396;0,343997;0,004507;0,141313;-0,003744;2,009601950635996;0,97;1,76;1,11;ppp_convergence;0,0;0,0;0,0;0,0;0,0;0,0;1,0
STA499;5496;50,28351194;6,533463637;602,1441504;15:56:14;07.05.2026;5573063,82;324282,1655;554,0038558;0,174161;0,122457;0,459312;0,0;0,0;0,0;0,290194;0,123126;0,342609;0,004496;0,140486;-0,003735;2,1147340258292533;1,11;1,8;1,01;ppp_convergence;5,0;0,0;6,0;0,0;0,0;0,0;1,0
STA500;5497;50,2835184;6,533477685;602,053;15:56:15;07.05.2026;5573064,505;324283,1899;553,9127139;0,173721;0,122116;0,457443;0,0;0,0;0,0;0,289171;0,122784;0,341324;0,004487;0,139784;-0,003728;2,1147340258292533;1,11;1,8;0,93;ppp_convergence;5,0;0,0;6,0;0,0;0,0;0,0;1,0
STA501;5498;50,28352594;6,533490094;601,9637926;15:56:16;07.05.2026;5573065,314;324284,1017;553,8235152;0,173374;0,121795;0,455555;0,0;0,0;0,0;0,288195;0,122463;0,340066;0,004485;0,139026;-0,003726;2,1147340258292533;1,11;1,8;1,01;ppp_convergence;5,0;0,0;6,0;0,0;0,0;0,0;1,0
STA502;5499;50,28353282;6,53350501;601,8817786;15:56:17;07.05.2026;5573066,043;324285,1894;553,7415101;0,173041;0,121486;0,453715;0,0;0,0;0,0;0,287247;0,122153;0,338842;0,004483;0,138285;-0,003724;2,1147340258292533;1,11;1,8;0,95;ppp_convergence;5,0;0,0;6,0;0,0;0,0;0,0;1,0
STA503;5500;50,28354101;6,533518944;601,689631;15:56:18;07.05.2026;5573066,921;324286,2122;553,5493721;0,173178;0,121966;0,453878;0,0;0,0;0,0;0,287397;0,122629;0,338995;0,004453;0,138296;-0,003699;2,311060362690685;1,33;1,89;1,08;ppp_convergence;5,0;0,0;5,0;0,0;0,0;0,0;1,0
STA504;5501;50,28354954;6,533531089;601,6899077;15:56:19;07.05.2026;5573067,841;324287,1087;553,5496581;0,172834;0,121699;0,451916;0,0;0,0;0,0;0,286393;0,122361;0,337695;0,004446;0,1375;-0,003694;2,1147340258292533;1,11;1,8;0,93;ppp_convergence;5,0;0,0;6,0;0,0;0,0;0,0;1,0
STA505;5502;50,28355868;6,533542354;601,6838914;15:56:20;07.05.2026;5573068,83;324287,9449;553,5436513;0,172598;0,121329;0,449997;0,0;0,0;0,0;0,285469;0,121993;0,336463;0,004458;0,136674;-0,003703;2,1147340258292533;1,11;1,8;0,91;ppp_convergence;0,0;0,0;0,0;0,0;0,0;0,0;1,0
STA506;5503;50,28356806;6,533554915;601,6524789;15:56:21;07.05.2026;5573069,843;324288,8741;553,5122488;0,17236;0,120989;0,448098;0,0;0,0;0,0;0,284552;0,121654;0,335241;0,004467;0,135858;-0,003711;2,1147340258292533;1,11;1,8;1,11;ppp_convergence;0,0;0,0;0,0;0,0;0,0;0,0;1,0
STA507;5504;50,28357674;6,533564976;601,5972879;15:56:22;07.05.2026;5573070,784;324289,6228;553,4570666;0,172132;0,120685;0,446196;0,0;0,0;0,0;0,28364;0,121351;0,334022;0,004474;0,135035;-0,003716;2,1147340258292533;1,11;1,8;1,11;ppp_convergence;5,0;0,0;6,0;0,0;0,0;0,0;1,0
STA508;5505;50,28358672;6,533574891;601,4203923;15:56:23;07.05.2026;5573071,87;324290,3658;553,2801806;0,172711;0,120691;0,445372;0,0;0,0;0,0;0,283642;0,121364;0,333768;0,004524;0,134349;-0,003758;2,248755211222422;1,12;1,95;0,7;ppp_convergence;4,0;0,0;6,0;0,0;0,0;0,0;1,0
STA509;5506;50,28359744;6,533584002;601,388887;15:56:24;07.05.2026;5573073,04;324291,0543;553,2486852;0,173049;0,120735;0,444578;0,0;0,0;0,0;0,283515;0,121412;0,333434;0,004549;0,133795;-0,003779;2,248755211222422;1,12;1,95;0,91;ppp_convergence;4,0;0,0;6,0;0,0;0,0;0,0;1,0
STA510;5507;50,28360742;6,5335936;601,2548186;15:56:25;07.05.2026;5573074,128;324291,7748;553,1146264;0,172809;0,120483;0,442366;0,0;0,0;0,0;0,28247;0,121161;0,332027;0,00455;0,132825;-0,00378;2,1147340258292533;1,11;1,8;0,89;ppp_convergence;5,0;0,0;6,0;0,0;0,0;0,0;1,0
STA511;5508;50,28361811;6,533602067;601,218154;15:56:26;07.05.2026;5573075,296;324292,4173;553,0779716;0,175835;0,120214;0,442113;0,0;0,0;0,0;0,284132;0,120934;0,333096;0,004837;0,131235;-0,004018;2,421425200166216;1,17;2,12;0,89;ppp_convergence;5,0;0,0;4,0;0,0;0,0;0,0;1,0
STA512;5509;50,28362882;6,533609339;601,2347578;15:56:27;07.05.2026;5573076,469;324292,9747;553,0945847;0,175922;0,119771;0,439816;0,0;0,0;0,0;0,283241;0,120498;0,33177;0,004883;0,130066;-0,004056;2,1147340258292533;1,11;1,8;0,73;ppp_convergence;5,0;0,0;6,0;0,0;0,0;0,0;1,0
STA513;5510;50,2836406;6,533615703;601,1337265;15:56:28;07.05.2026;5573077,764;324293,4714;552,9935632;0,175286;0,119652;0,437897;0,0;0,0;0,0;0,282085;0,120372;0,330377;0,004838;0,129432;-0,004019;2,1147340258292533;1,11;1,8;0,81;ppp_convergence;0,0;0,0;0,0;0,0;0,0;0,0;1,0
STA514;5511;50,28365175;6,533624116;601,0120097;15:56:29;07.05.2026;5573078,984;324294,1118;552,8718565;0,178468;0,120739;0,439678;0,0;0,0;0,0;0,284679;0,121486;0,332719;0,00502;0,128757;-0,00417;2,640700664596425;1,43;2,22;0,77;ppp_convergence;3,0;0,0;5,0;0,0;0,0;0,0;1,0
STA515;5512;50,28366328;6,533630858;600,8999511;15:56:30;07.05.2026;5573080,25;324294,6345;552,7598077;0,187765;0,122765;0,449061;0,0;0,0;0,0;0,293955;0,123607;0,342029;0,005652;0,128846;-0,004695;3,5148399679075006;1,21;3,3;0,71;ppp_convergence;4,0;0,0;5,0;0,0;0,0;0,0;1,0
STA516;5513;50,28367476;6,53363776;600,6796211;15:56:31;07.05.2026;5573081,51;324295,1684;552,5394875;0,188028;0,122846;0,44855;0,0;0,0;0,0;0,293901;0,12369;0,341833;0,005668;0,128466;-0,004709;2,3935329536064462;1,13;2,11;0,66;ppp_convergence;5,0;0,0;5,0;0,0;0,0;0,0;1,0
STA517;5514;50,28368758;6,533643417;600,7023916;15:56:32;07.05.2026;5573082,922;324295,6186;552,5622684;0,186019;0,122546;0,446005;0,0;0,0;0,0;0,291686;0,123368;0,339516;0,005519;0,128192;-0,004585;2,1147340258292533;1,11;1,8;0,66;ppp_convergence;5,0;0,0;6,0;0,0;0,0;0,0;1,0
STA518;5515;50,28370021;6,533648691;600,5185916;15:56:33;07.05.2026;5573084,314;324296,0408;552,3784785;0,185404;0,123013;0,445706;0,0;0,0;0,0;0,291208;0,123821;0,339094;0,005425;0,128341;-0,004507;2,3913385373049962;1,37;1,96;0,71;ppp_convergence;4,0;0,0;6,0;0,0;0,0;0,0;1,0
STA519;5516;50,28371221;6,53365475;600,5457513;15:56:34;07.05.2026;5573085,633;324296,5166;552,4056481;0,186717;0,12395;0,448304;0,0;0,0;0,0;0,293043;0,124763;0,341165;0,005458;0,128975;-0,004534;2,7268296609799445;1,4;2,34;0,74;ppp_convergence;4,0;0,0;5,0;0,0;0,0;0,0;1,0
STA520;5517;50,28372467;6,533659805;600,1811887;15:56:35;07.05.2026;5573087,006;324296,9226;552,0410954;0,191812;0,126586;0,458002;0,0;0,0;0,0;0,299998;0,12743;0,348971;0,005672;0,131253;-0,004712;3,5148399679075006;1,21;3,3;0,76;ppp_convergence;4,0;0,0;5,0;0,0;0,0;0,0;1,0
STA521;5518;50,28373723;6,533664267;600,0389638;15:56:36;07.05.2026;5573088,392;324297,2867;551,8988804;0,196147;0,128984;0,466814;0,0;0,0;0,0;0,306146;0,129854;0,355945;0,00584;0,133466;-0,004852;3,5054528951335233;1,21;3,29;0,71;ppp_convergence;4,0;0,0;5,0;0,0;0,0;0,0;1,0
STA522;5519;50,28374896;6,533669855;599,8127459;15:56:37;07.05.2026;5573089,684;324297,7279;551,672672;0,199741;0,131238;0,474783;0,0;0,0;0,0;0,311517;0,132125;0,36212;0,005957;0,135624;-0,004948;3,5054528951335233;1,21;3,29;0,74;ppp_convergence;3,0;0,0;5,0;0,0;0,0;0,0;1,0
STA523;5520;50,28376032;6,533676374;599,8200116;15:56:38;07.05.2026;5573090,931;324298,2342;551,6799474;0,204845;0,134931;0,48662;0,0;0,0;0,0;0,319359;0,135836;0,371201;0,00608;0,138943;-0,00505;3,9813188769552235;1,47;3,7;0,85;ppp_convergence;3,0;0,0;5,0;0,0;0,0;0,0;1,0
STA524;5521;50,28377192;6,533682176;599,4266929;15:56:39;07.05.2026;5573092,206;324298,6901;551,2866382;0,21222;0,141454;0,503044;0,0;0,0;0,0;0,330422;0,14237;0,383926;0,006154;0,143396;-0,005112;4,612602302388534;2,6;3,81;0,97;ppp_convergence;3,0;0,0;4,0;0,0;0,0;0,0;1,0
STA525;5522;50,28378356;6,533688307;599,6415243;15:56:40;07.05.2026;5573093,486;324299,1698;551,5014793;0,216388;0,144555;0,511276;0,0;0,0;0,0;0,336241;0,145486;0,390493;0,006246;0,1454;-0,005189;3,9813188769552235;1,47;3,7;0,78;ppp_convergence;3,0;0,0;5,0;0,0;0,0;0,0;1,0
STA526;5523;50,28379633;6,533695036;599,403758;15:56:41;07.05.2026;5573094,889;324299,6961;551,2637236;0,213085;0,141907;0,502163;0,0;0,0;0,0;0,330571;0,142829;0,383756;0,00619;0,142541;-0,005142;2,248755211222422;1,12;1,95;0,9;ppp_convergence;4,0;0,0;6,0;0,0;0,0;0,0;1,0
STA527;5524;50,28380896;6,53369998;599,2778744;15:56:42;07.05.2026;5573096,283;324300,0948;551,13785;0,209529;0,139362;0,494455;0,0;0,0;0,0;0,325327;0,14027;0,377748;0,006102;0,140493;-0,005069;2,248755211222422;1,12;1,95;0,81;ppp_convergence;4,0;0,0;6,0;0,0;0,0;0,0;1,0
STA528;5525;50,28382079;6,533707492;599,1059587;15:56:43;07.05.2026;5573097,579;324300,6735;550,9659445;0,207009;0,1381;0,488955;0,0;0,0;0,0;0,3216;0,138992;0,373471;0,005992;0,13902;-0,004978;2,4574783824074626;1,34;2,06;0,84;ppp_convergence;4,0;0,0;5,0;0,0;0,0;0,0;1,0
STA529;5526;50,28383266;6,533716158;599,0341806;15:56:44;07.05.2026;5573098,879;324301,3345;550,8941769;0,204083;0,136183;0,482013;0,0;0,0;0,0;0,317042;0,137062;0,368175;0,005905;0,13704;-0,004905;2,248755211222422;1,12;1,95;0,76;ppp_convergence;4,0;0,0;6,0;0,0;0,0;0,0;1,0
STA530;5527;50,28384403;6,533724506;598,976709;15:56:45;07.05.2026;5573100,123;324301,971;550,8367154;0,201258;0,133892;0,474701;0,0;0,0;0,0;0,312389;0,134765;0,362697;0,005858;0,134831;-0,004866;2,1424518664371432;0,99;1,9;0,68;ppp_convergence;5,0;0,0;6,0;0,0;0,0;0,0;1,0
STA531;5528;50,28385544;6,533732796;598,8948621;15:56:46;07.05.2026;5573101,373;324302,6036;550,7548785;0,198497;0,131816;0,468165;0,0;0,0;0,0;0,308092;0,13268;0,357707;0,005799;0,132971;-0,004817;2,1424518664371432;0,99;1,9;0,65;ppp_convergence;5,0;0,0;6,0;0,0;0,0;0,0;1,0
STA532;5529;50,28386681;6,533740043;598,9792601;15:56:47;07.05.2026;5573102,618;324303,1616;550,8392864;0,196056;0,130682;0,462988;0,0;0,0;0,0;0,304544;0,131529;0,353654;0,005685;0,131619;-0,004722;2,240089283934906;1,12;1,94;0,68;ppp_convergence;3,0;0,0;6,0;0,0;0,0;0,0;1,0
STA533;5530;50,2838785;6,533747444;598,7345347;15:56:48;07.05.2026;5573103,901;324303,7319;550,594571;0,196013;0,130267;0,460289;0,0;0,0;0,0;0,303413;0,131118;0,352037;0,005717;0,130315;-0,004749;2,5462914208707534;1,44;2,1;0,75;ppp_convergence;3,0;0,0;5,0;0,0;0,0;0,0;1,0
STA534;5531;50,28388983;6,533756689;598,8003255;15:56:49;07.05.2026;5573105,139;324304,4322;550,6603721;0,195804;0,130291;0,460147;0,0;0,0;0,0;0,303234;0,131139;0,351869;0,005697;0,130347;-0,004732;2,6989812893015763;1,46;2,27;0,77;ppp_convergence;3,0;0,0;5,0;0,0;0,0;0,0;1,0
STA535;5532;50,28389978;6,533763757;598,9901005;15:56:50;07.05.2026;5573106,229;324304,9723;550,8501558;0,20273;0,131811;0,465754;0,0;0,0;0,0;0,30958;0,132729;0,357986;0,006167;0,129733;-0,005123;3,5054528951335233;1,21;3,29;0,74;ppp_convergence;4,0;0,0;5,0;0,0;0,0;0,0;1,0
STA536;5533;50,2839105;6,533773819;599,0208566;15:56:51;07.05.2026;5573107,397;324305,7285;550,8809221;0,207407;0,132643;0,47288;0,0;0,0;0,0;0,315227;0,133611;0,364092;0,006502;0,130961;-0,005401;3,5054528951335233;1,21;3,29;0,7;ppp_convergence;4,0;0,0;5,0;0,0;0,0;0,0;1,0
STA537;5534;50,28392075;6,533783982;599,2262096;15:56:52;07.05.2026;5573108,512;324306,4902;551,0862848;0,209806;0,132587;0,475457;0,0;0,0;0,0;0,31768;0,133587;0,366583;0,006715;0,131064;-0,005578;3,1196954979612994;1,15;2,9;0,87;ppp_convergence;4,0;0,0;5,0;0,0;0,0;0,0;1,0
STA538;5535;50,28393035;6,533794902;599,0649476;15:56:53;07.05.2026;5573109,553;324307,3034;550,9250324;0,206186;0,130402;0,469006;0,0;0,0;0,0;0,312915;0,131383;0,361296;0,00659;0,129663;-0,005474;2,0788458336298055;1,04;1,8;0,77;ppp_convergence;5,0;0,0;6,0;0,0;0,0;0,0;1,0
STA539;5536;50,28394004;6,533805971;599,0088378;15:56:54;07.05.2026;5573110,605;324308,1276;550,8689322;0,202726;0,128923;0,463156;0,0;0,0;0,0;0,308494;0,129879;0,356432;0,006418;0,128476;-0,005331;2,1147340258292533;1,11;1,8;0,74;ppp_convergence;5,0;0,0;6,0;0,0;0,0;0,0;1,0
STA540;5537;50,28394898;6,533816415;598,8918191;15:56:55;07.05.2026;5573111,574;324308,9044;550,7519225;0,200337;0,128709;0,459102;0,0;0,0;0,0;0,305442;0,129636;0,35307;0,006229;0,127643;-0,005174;2,3192455669894034;1,33;1,9;0,76;ppp_convergence;5,0;0,0;5,0;0,0;0,0;0,0;1,0
STA541;5538;50,28395726;6,533825926;598,8334824;15:56:56;07.05.2026;5573112,472;324309,6125;550,693594;0,198622;0,127664;0,454179;0,0;0,0;0,0;0,302422;0,128583;0,34946;0,006171;0,126062;-0,005126;2,2071927872299693;1,14;1,89;0,69;ppp_convergence;5,0;0,0;5,0;0,0;0,0;0,0;1,0
STA542;5539;50,28396436;6,533835796;598,6371608;15:56:57;07.05.2026;5573113,238;324310,3416;550,49728;0,19768;0,127735;0,450959;0,0;0,0;0,0;0,300558;0,128641;0,347176;0,006082;0,124937;-0,005053;2,3913385373049962;1,37;1,96;0,93;ppp_convergence;4,0;0,0;6,0;0,0;0,0;0,0;1,0
STA543;5540;50,28397166;6,533849089;598,6382007;15:56:58;07.05.2026;5573114,017;324311,3154;550,4983285;0,19827;0,126579;0,448472;0,0;0,0;0,0;0,299878;0,127507;0,345936;0,006234;0,123435;-0,005179;2,426272861819132;1,18;2,12;0,86;ppp_convergence;5,0;0,0;4,0;0,0;0,0;0,0;1,0
STA544;5541;50,2839812;6,533862014;598,5846947;15:56:59;07.05.2026;5573115,048;324312,2712;550,4448325;0,19844;0,125964;0,447664;0,0;0,0;0,0;0,299643;0,126902;0,345523;0,006303;0,12296;-0,005236;2,52253840406841;1,16;2,24;0,86;ppp_convergence;5,0;0,0;4,0;0,0;0,0;0,0;1,0
STA545;5542;50,28398893;6,533872299;598,3465777;15:57:00;07.05.2026;5573115,883;324313,0323;550,2067237;0,197712;0,125211;0,445929;0,0;0,0;0,0;0,298503;0,12615;0,344199;0,006305;0,122465;-0,005237;2,3935329536064462;1,13;2,11;0,87;ppp_convergence;5,0;0,0;5,0;0,0;0,0;0,0;1,0
STA546;5543;50,28399592;6,533884602;598,2756482;15:57:01;07.05.2026;5573116,631;324313,9344;550,1358022;0,196973;0,124549;0,444325;0,0;0,0;0,0;0,297411;0,125486;0,342948;0,006298;0,122039;-0,005232;2,3935329536064462;1,13;2,11;0,86;ppp_convergence;5,0;0,0;5,0;0,0;0,0;0,0;1,0
STA547;5544;50,28400161;6,533895488;598,2800467;15:57:02;07.05.2026;5573117,238;324314,7308;550,1402076;0,196328;0,123944;0,44277;0,0;0,0;0,0;0,296396;0,124881;0,341766;0,006295;0,121592;-0,005229;2,3935329536064462;1,13;2,11;0,86;ppp_convergence;5,0;0,0;5,0;0,0;0,0;0,0;1,0
STA548;5545;50,2840034;6,533901123;598,1393869;15:57:03;07.05.2026;5573117,423;324315,1388;549,9995505;0,195745;0,123357;0,441346;0,0;0,0;0,0;0,295469;0,124294;0,340685;0,006295;0,121178;-0,005229;2,3935329536064462;1,13;2,11;0,81;ppp_convergence;5,0;0,0;5,0;0,0;0,0;0,0;1,0
STA549;5546;50,28400428;6,533902139;598,1594643;15:57:04;07.05.2026;5573117,519;324315,2144;550,0196289;0,193629;0,12189;0,436202;0,0;0,0;0,0;0,292122;0,122819;0,336781;0,006239;0,119686;-0,005182;1,9749683541768461;1,07;1,66;0,75;ppp_convergence;6,0;0,0;4,0;0,0;0,0;0,0;1,0
STA550;5547;50,28400479;6,533902664;598,1797246;15:57:05;07.05.2026;5573117,575;324315,2537;550,0398896;0,191587;0,120486;0,430871;0,0;0,0;0,0;0,288742;0,121406;0,332796;0,006183;0,118065;-0,005136;1,9276151068094483;1,06;1,61;0,86;ppp_convergence;6,0;0,0;5,0;0,0;0,0;0,0;1,0
STA551;5548;50,28400545;6,533903369;598,1702929;15:57:06;07.05.2026;5573117,646;324315,3063;550,0304585;0,189718;0,11914;0,426062;0,0;0,0;0,0;0,285676;0,120054;0,32919;0,006138;0,116617;-0,005098;1,9276151068094483;1,06;1,61;0,86;ppp_convergence;6,0;0,0;5,0;0,0;0,0;0,0;1,0
;;;;;;;;;;;;;;;;;;;;;;;;;;;;;;;;;
;;;;;;;;;;;;;;;;;;;;;;;;;;;;;;;;;
;;;;;;;;;;;;;;;;;;;;;;;;;;;;;;;;;
;;;;;;;;;;;;;;;;;;;;;;;;;;;;;;;;;
;;;;;;;;;;;;;;;;;;;;;;;;;;;;;;;;;
;;;;;;;;;;;;;;;;;;;;;;;;;;;;;;;;;
;;;;;;;;;;;;;;;;;;;;;;;;;;;;;;;;;
;;;;;;;;;;;;;;;;;;;;;;;;;;;;;;;;;
;;;;;;;;;;;;;;;;;;;;;;;;;;;;;;;;;
;;;;;;;;;;;;;;;;;;;;;;;;;;;;;;;;;
;;;;;;;;;;;;;;;;;;;;;;;;;;;;;;;;;
;;;;;;;;;;;;;;;;;;;;;;;;;;;;;;;;;
;;;;;;;;;;;;;;;;;;;;;;;;;;;;;;;;;
;;;;;;;;;;;;;;;;;;;;;;;;;;;;;;;;;
;;;;;;;;;;;;;;;;;;;;;;;;;;;;;;;;;
;;;;;;;;;;;;;;;;;;;;;;;;;;;;;;;;;
;;;;;;;;;;;;;;;;;;;;;;;;;;;;;;;;;
;;;;;;;;;;;;;;;;;;;;;;;;;;;;;;;;;
;;;;;;;;;;;;;;;;;;;;;;;;;;;;;;;;;
;;;;;;;;;;;;;;;;;;;;;;;;;;;;;;;;;
;;;;;;;;;;;;;;;;;;;;;;;;;;;;;;;;;
;;;;;;;;;;;;;;;;;;;;;;;;;;;;;;;;;
;;;;;;;;;;;;;;;;;;;;;;;;;;;;;;;;;
;;;;;;;;;;;;;;;;;;;;;;;;;;;;;;;;;
;;;;;;;;;;;;;;;;;;;;;;;;;;;;;;;;;
;;;;;;;;;;;;;;;;;;;;;;;;;;;;;;;;;
;;;;;;;;;;;;;;;;;;;;;;;;;;;;;;;;;
;;;;;;;;;;;;;;;;;;;;;;;;;;;;;;;;;
;;;;;;;;;;;;;;;;;;;;;;;;;;;;;;;;;
;;;;;;;;;;;;;;;;;;;;;;;;;;;;;;;;;
;;;;;;;;;;;;;;;;;;;;;;;;;;;;;;;;;
;;;;;;;;;;;;;;;;;;;;;;;;;;;;;;;;;
;;;;;;;;;;;;;;;;;;;;;;;;;;;;;;;;;
;;;;;;;;;;;;;;;;;;;;;;;;;;;;;;;;;
;;;;;;;;;;;;;;;;;;;;;;;;;;;;;;;;;
;;;;;;;;;;;;;;;;;;;;;;;;;;;;;;;;;
;;;;;;;;;;;;;;;;;;;;;;;;;;;;;;;;;
;;;;;;;;;;;;;;;;;;;;;;;;;;;;;;;;;
;;;;;;;;;;;;;;;;;;;;;;;;;;;;;;;;;
;;;;;;;;;;;;;;;;;;;;;;;;;;;;;;;;;
;;;;;;;;;;;;;;;;;;;;;;;;;;;;;;;;;
;;;;;;;;;;;;;;;;;;;;;;;;;;;;;;;;;
;;;;;;;;;;;;;;;;;;;;;;;;;;;;;;;;;
;;;;;;;;;;;;;;;;;;;;;;;;;;;;;;;;;
;;;;;;;;;;;;;;;;;;;;;;;;;;;;;;;;;
;;;;;;;;;;;;;;;;;;;;;;;;;;;;;;;;;
;;;;;;;;;;;;;;;;;;;;;;;;;;;;;;;;;
;;;;;;;;;;;;;;;;;;;;;;;;;;;;;;;;;
;;;;;;;;;;;;;;;;;;;;;;;;;;;;;;;;;
;;;;;;;;;;;;;;;;;;;;;;;;;;;;;;;;;
;;;;;;;;;;;;;;;;;;;;;;;;;;;;;;;;;
;;;;;;;;;;;;;;;;;;;;;;;;;;;;;;;;;
;;;;;;;;;;;;;;;;;;;;;;;;;;;;;;;;;
;;;;;;;;;;;;;;;;;;;;;;;;;;;;;;;;;
;;;;;;;;;;;;;;;;;;;;;;;;;;;;;;;;;
;;;;;;;;;;;;;;;;;;;;;;;;;;;;;;;;;
;;;;;;;;;;;;;;;;;;;;;;;;;;;;;;;;;
;;;;;;;;;;;;;;;;;;;;;;;;;;;;;;;;;
;;;;;;;;;;;;;;;;;;;;;;;;;;;;;;;;;
;;;;;;;;;;;;;;;;;;;;;;;;;;;;;;;;;
;;;;;;;;;;;;;;;;;;;;;;;;;;;;;;;;;
;;;;;;;;;;;;;;;;;;;;;;;;;;;;;;;;;
;;;;;;;;;;;;;;;;;;;;;;;;;;;;;;;;;
;;;;;;;;;;;;;;;;;;;;;;;;;;;;;;;;;
;;;;;;;;;;;;;;;;;;;;;;;;;;;;;;;;;
;;;;;;;;;;;;;;;;;;;;;;;;;;;;;;;;;
;;;;;;;;;;;;;;;;;;;;;;;;;;;;;;;;;
;;;;;;;;;;;;;;;;;;;;;;;;;;;;;;;;;
;;;;;;;;;;;;;;;;;;;;;;;;;;;;;;;;;
;;;;;;;;;;;;;;;;;;;;;;;;;;;;;;;;;
;;;;;;;;;;;;;;;;;;;;;;;;;;;;;;;;;
;;;;;;;;;;;;;;;;;;;;;;;;;;;;;;;;;
;;;;;;;;;;;;;;;;;;;;;;;;;;;;;;;;;
;;;;;;;;;;;;;;;;;;;;;;;;;;;;;;;;;
;;;;;;;;;;;;;;;;;;;;;;;;;;;;;;;;;
;;;;;;;;;;;;;;;;;;;;;;;;;;;;;;;;;
;;;;;;;;;;;;;;;;;;;;;;;;;;;;;;;;;
;;;;;;;;;;;;;;;;;;;;;;;;;;;;;;;;;
;;;;;;;;;;;;;;;;;;;;;;;;;;;;;;;;;
;;;;;;;;;;;;;;;;;;;;;;;;;;;;;;;;;
;;;;;;;;;;;;;;;;;;;;;;;;;;;;;;;;;
;;;;;;;;;;;;;;;;;;;;;;;;;;;;;;;;;
;;;;;;;;;;;;;;;;;;;;;;;;;;;;;;;;;
;;;;;;;;;;;;;;;;;;;;;;;;;;;;;;;;;
;;;;;;;;;;;;;;;;;;;;;;;;;;;;;;;;;
;;;;;;;;;;;;;;;;;;;;;;;;;;;;;;;;;
;;;;;;;;;;;;;;;;;;;;;;;;;;;;;;;;;
;;;;;;;;;;;;;;;;;;;;;;;;;;;;;;;;;
;;;;;;;;;;;;;;;;;;;;;;;;;;;;;;;;;
;;;;;;;;;;;;;;;;;;;;;;;;;;;;;;;;;
;;;;;;;;;;;;;;;;;;;;;;;;;;;;;;;;;
;;;;;;;;;;;;;;;;;;;;;;;;;;;;;;;;;
;;;;;;;;;;;;;;;;;;;;;;;;;;;;;;;;;
;;;;;;;;;;;;;;;;;;;;;;;;;;;;;;;;;
;;;;;;;;;;;;;;;;;;;;;;;;;;;;;;;;;
;;;;;;;;;;;;;;;;;;;;;;;;;;;;;;;;;
;;;;;;;;;;;;;;;;;;;;;;;;;;;;;;;;;
;;;;;;;;;;;;;;;;;;;;;;;;;;;;;;;;;
;;;;;;;;;;;;;;;;;;;;;;;;;;;;;;;;;
;;;;;;;;;;;;;;;;;;;;;;;;;;;;;;;;;
;;;;;;;;;;;;;;;;;;;;;;;;;;;;;;;;;
;;;;;;;;;;;;;;;;;;;;;;;;;;;;;;;;;
;;;;;;;;;;;;;;;;;;;;;;;;;;;;;;;;;
;;;;;;;;;;;;;;;;;;;;;;;;;;;;;;;;;
;;;;;;;;;;;;;;;;;;;;;;;;;;;;;;;;;
;;;;;;;;;;;;;;;;;;;;;;;;;;;;;;;;;
;;;;;;;;;;;;;;;;;;;;;;;;;;;;;;;;;
;;;;;;;;;;;;;;;;;;;;;;;;;;;;;;;;;
;;;;;;;;;;;;;;;;;;;;;;;;;;;;;;;;;
;;;;;;;;;;;;;;;;;;;;;;;;;;;;;;;;;
;;;;;;;;;;;;;;;;;;;;;;;;;;;;;;;;;
;;;;;;;;;;;;;;;;;;;;;;;;;;;;;;;;;
;;;;;;;;;;;;;;;;;;;;;;;;;;;;;;;;;
;;;;;;;;;;;;;;;;;;;;;;;;;;;;;;;;;
;;;;;;;;;;;;;;;;;;;;;;;;;;;;;;;;;
;;;;;;;;;;;;;;;;;;;;;;;;;;;;;;;;;
;;;;;;;;;;;;;;;;;;;;;;;;;;;;;;;;;
;;;;;;;;;;;;;;;;;;;;;;;;;;;;;;;;;
;;;;;;;;;;;;;;;;;;;;;;;;;;;;;;;;;
;;;;;;;;;;;;;;;;;;;;;;;;;;;;;;;;;
;;;;;;;;;;;;;;;;;;;;;;;;;;;;;;;;;
;;;;;;;;;;;;;;;;;;;;;;;;;;;;;;;;;
;;;;;;;;;;;;;;;;;;;;;;;;;;;;;;;;;
;;;;;;;;;;;;;;;;;;;;;;;;;;;;;;;;;
;;;;;;;;;;;;;;;;;;;;;;;;;;;;;;;;;
;;;;;;;;;;;;;;;;;;;;;;;;;;;;;;;;;
;;;;;;;;;;;;;;;;;;;;;;;;;;;;;;;;;
;;;;;;;;;;;;;;;;;;;;;;;;;;;;;;;;;
;;;;;;;;;;;;;;;;;;;;;;;;;;;;;;;;;
;;;;;;;;;;;;;;;;;;;;;;;;;;;;;;;;;
;;;;;;;;;;;;;;;;;;;;;;;;;;;;;;;;;
;;;;;;;;;;;;;;;;;;;;;;;;;;;;;;;;;
;;;;;;;;;;;;;;;;;;;;;;;;;;;;;;;;;
;;;;;;;;;;;;;;;;;;;;;;;;;;;;;;;;;
;;;;;;;;;;;;;;;;;;;;;;;;;;;;;;;;;
;;;;;;;;;;;;;;;;;;;;;;;;;;;;;;;;;
;;;;;;;;;;;;;;;;;;;;;;;;;;;;;;;;;
;;;;;;;;;;;;;;;;;;;;;;;;;;;;;;;;;
;;;;;;;;;;;;;;;;;;;;;;;;;;;;;;;;;
;;;;;;;;;;;;;;;;;;;;;;;;;;;;;;;;;
;;;;;;;;;;;;;;;;;;;;;;;;;;;;;;;;;
;;;;;;;;;;;;;;;;;;;;;;;;;;;;;;;;;
;;;;;;;;;;;;;;;;;;;;;;;;;;;;;;;;;
;;;;;;;;;;;;;;;;;;;;;;;;;;;;;;;;;
;;;;;;;;;;;;;;;;;;;;;;;;;;;;;;;;;
;;;;;;;;;;;;;;;;;;;;;;;;;;;;;;;;;
;;;;;;;;;;;;;;;;;;;;;;;;;;;;;;;;;
;;;;;;;;;;;;;;;;;;;;;;;;;;;;;;;;;
;;;;;;;;;;;;;;;;;;;;;;;;;;;;;;;;;
;;;;;;;;;;;;;;;;;;;;;;;;;;;;;;;;;
;;;;;;;;;;;;;;;;;;;;;;;;;;;;;;;;;
;;;;;;;;;;;;;;;;;;;;;;;;;;;;;;;;;
;;;;;;;;;;;;;;;;;;;;;;;;;;;;;;;;;
;;;;;;;;;;;;;;;;;;;;;;;;;;;;;;;;;
;;;;;;;;;;;;;;;;;;;;;;;;;;;;;;;;;
;;;;;;;;;;;;;;;;;;;;;;;;;;;;;;;;;
;;;;;;;;;;;;;;;;;;;;;;;;;;;;;;;;;
;;;;;;;;;;;;;;;;;;;;;;;;;;;;;;;;;
;;;;;;;;;;;;;;;;;;;;;;;;;;;;;;;;;
;;;;;;;;;;;;;;;;;;;;;;;;;;;;;;;;;
;;;;;;;;;;;;;;;;;;;;;;;;;;;;;;;;;
;;;;;;;;;;;;;;;;;;;;;;;;;;;;;;;;;
;;;;;;;;;;;;;;;;;;;;;;;;;;;;;;;;;
;;;;;;;;;;;;;;;;;;;;;;;;;;;;;;;;;
;;;;;;;;;;;;;;;;;;;;;;;;;;;;;;;;;
;;;;;;;;;;;;;;;;;;;;;;;;;;;;;;;;;
;;;;;;;;;;;;;;;;;;;;;;;;;;;;;;;;;
;;;;;;;;;;;;;;;;;;;;;;;;;;;;;;;;;
;;;;;;;;;;;;;;;;;;;;;;;;;;;;;;;;;
;;;;;;;;;;;;;;;;;;;;;;;;;;;;;;;;;
;;;;;;;;;;;;;;;;;;;;;;;;;;;;;;;;;
;;;;;;;;;;;;;;;;;;;;;;;;;;;;;;;;;
;;;;;;;;;;;;;;;;;;;;;;;;;;;;;;;;;
;;;;;;;;;;;;;;;;;;;;;;;;;;;;;;;;;
;;;;;;;;;;;;;;;;;;;;;;;;;;;;;;;;;
;;;;;;;;;;;;;;;;;;;;;;;;;;;;;;;;;
;;;;;;;;;;;;;;;;;;;;;;;;;;;;;;;;;
;;;;;;;;;;;;;;;;;;;;;;;;;;;;;;;;;
;;;;;;;;;;;;;;;;;;;;;;;;;;;;;;;;;
;;;;;;;;;;;;;;;;;;;;;;;;;;;;;;;;;
;;;;;;;;;;;;;;;;;;;;;;;;;;;;;;;;;
;;;;;;;;;;;;;;;;;;;;;;;;;;;;;;;;;
;;;;;;;;;;;;;;;;;;;;;;;;;;;;;;;;;
;;;;;;;;;;;;;;;;;;;;;;;;;;;;;;;;;
;;;;;;;;;;;;;;;;;;;;;;;;;;;;;;;;;
;;;;;;;;;;;;;;;;;;;;;;;;;;;;;;;;;
;;;;;;;;;;;;;;;;;;;;;;;;;;;;;;;;;
;;;;;;;;;;;;;;;;;;;;;;;;;;;;;;;;;
;;;;;;;;;;;;;;;;;;;;;;;;;;;;;;;;;
;;;;;;;;;;;;;;;;;;;;;;;;;;;;;;;;;
;;;;;;;;;;;;;;;;;;;;;;;;;;;;;;;;;
;;;;;;;;;;;;;;;;;;;;;;;;;;;;;;;;;
;;;;;;;;;;;;;;;;;;;;;;;;;;;;;;;;;
;;;;;;;;;;;;;;;;;;;;;;;;;;;;;;;;;
;;;;;;;;;;;;;;;;;;;;;;;;;;;;;;;;;
;;;;;;;;;;;;;;;;;;;;;;;;;;;;;;;;;
;;;;;;;;;;;;;;;;;;;;;;;;;;;;;;;;;
;;;;;;;;;;;;;;;;;;;;;;;;;;;;;;;;;
;;;;;;;;;;;;;;;;;;;;;;;;;;;;;;;;;
;;;;;;;;;;;;;;;;;;;;;;;;;;;;;;;;;
;;;;;;;;;;;;;;;;;;;;;;;;;;;;;;;;;
;;;;;;;;;;;;;;;;;;;;;;;;;;;;;;;;;
;;;;;;;;;;;;;;;;;;;;;;;;;;;;;;;;;
;;;;;;;;;;;;;;;;;;;;;;;;;;;;;;;;;
;;;;;;;;;;;;;;;;;;;;;;;;;;;;;;;;;
;;;;;;;;;;;;;;;;;;;;;;;;;;;;;;;;;
;;;;;;;;;;;;;;;;;;;;;;;;;;;;;;;;;
;;;;;;;;;;;;;;;;;;;;;;;;;;;;;;;;;
;;;;;;;;;;;;;;;;;;;;;;;;;;;;;;;;;
;;;;;;;;;;;;;;;;;;;;;;;;;;;;;;;;;
;;;;;;;;;;;;;;;;;;;;;;;;;;;;;;;;;
;;;;;;;;;;;;;;;;;;;;;;;;;;;;;;;;;
;;;;;;;;;;;;;;;;;;;;;;;;;;;;;;;;;
;;;;;;;;;;;;;;;;;;;;;;;;;;;;;;;;;
;;;;;;;;;;;;;;;;;;;;;;;;;;;;;;;;;
;;;;;;;;;;;;;;;;;;;;;;;;;;;;;;;;;
;;;;;;;;;;;;;;;;;;;;;;;;;;;;;;;;;
;;;;;;;;;;;;;;;;;;;;;;;;;;;;;;;;;
;;;;;;;;;;;;;;;;;;;;;;;;;;;;;;;;;
;;;;;;;;;;;;;;;;;;;;;;;;;;;;;;;;;
;;;;;;;;;;;;;;;;;;;;;;;;;;;;;;;;;
;;;;;;;;;;;;;;;;;;;;;;;;;;;;;;;;;
;;;;;;;;;;;;;;;;;;;;;;;;;;;;;;;;;
;;;;;;;;;;;;;;;;;;;;;;;;;;;;;;;;;
;;;;;;;;;;;;;;;;;;;;;;;;;;;;;;;;;
;;;;;;;;;;;;;;;;;;;;;;;;;;;;;;;;;
;;;;;;;;;;;;;;;;;;;;;;;;;;;;;;;;;
;;;;;;;;;;;;;;;;;;;;;;;;;;;;;;;;;
;;;;;;;;;;;;;;;;;;;;;;;;;;;;;;;;;
;;;;;;;;;;;;;;;;;;;;;;;;;;;;;;;;;
;;;;;;;;;;;;;;;;;;;;;;;;;;;;;;;;;
;;;;;;;;;;;;;;;;;;;;;;;;;;;;;;;;;
;;;;;;;;;;;;;;;;;;;;;;;;;;;;;;;;;
;;;;;;;;;;;;;;;;;;;;;;;;;;;;;;;;;
;;;;;;;;;;;;;;;;;;;;;;;;;;;;;;;;;
;;;;;;;;;;;;;;;;;;;;;;;;;;;;;;;;;
;;;;;;;;;;;;;;;;;;;;;;;;;;;;;;;;;
;;;;;;;;;;;;;;;;;;;;;;;;;;;;;;;;;
;;;;;;;;;;;;;;;;;;;;;;;;;;;;;;;;;
;;;;;;;;;;;;;;;;;;;;;;;;;;;;;;;;;
;;;;;;;;;;;;;;;;;;;;;;;;;;;;;;;;;
;;;;;;;;;;;;;;;;;;;;;;;;;;;;;;;;;
;;;;;;;;;;;;;;;;;;;;;;;;;;;;;;;;;
;;;;;;;;;;;;;;;;;;;;;;;;;;;;;;;;;
;;;;;;;;;;;;;;;;;;;;;;;;;;;;;;;;;
;;;;;;;;;;;;;;;;;;;;;;;;;;;;;;;;;
;;;;;;;;;;;;;;;;;;;;;;;;;;;;;;;;;
;;;;;;;;;;;;;;;;;;;;;;;;;;;;;;;;;
;;;;;;;;;;;;;;;;;;;;;;;;;;;;;;;;;
;;;;;;;;;;;;;;;;;;;;;;;;;;;;;;;;;
;;;;;;;;;;;;;;;;;;;;;;;;;;;;;;;;;
;;;;;;;;;;;;;;;;;;;;;;;;;;;;;;;;;
;;;;;;;;;;;;;;;;;;;;;;;;;;;;;;;;;
;;;;;;;;;;;;;;;;;;;;;;;;;;;;;;;;;
;;;;;;;;;;;;;;;;;;;;;;;;;;;;;;;;;
;;;;;;;;;;;;;;;;;;;;;;;;;;;;;;;;;
;;;;;;;;;;;;;;;;;;;;;;;;;;;;;;;;;
;;;;;;;;;;;;;;;;;;;;;;;;;;;;;;;;;
;;;;;;;;;;;;;;;;;;;;;;;;;;;;;;;;;
;;;;;;;;;;;;;;;;;;;;;;;;;;;;;;;;;
;;;;;;;;;;;;;;;;;;;;;;;;;;;;;;;;;
;;;;;;;;;;;;;;;;;;;;;;;;;;;;;;;;;
;;;;;;;;;;;;;;;;;;;;;;;;;;;;;;;;;
;;;;;;;;;;;;;;;;;;;;;;;;;;;;;;;;;
;;;;;;;;;;;;;;;;;;;;;;;;;;;;;;;;;
;;;;;;;;;;;;;;;;;;;;;;;;;;;;;;;;;
;;;;;;;;;;;;;;;;;;;;;;;;;;;;;;;;;
;;;;;;;;;;;;;;;;;;;;;;;;;;;;;;;;;
;;;;;;;;;;;;;;;;;;;;;;;;;;;;;;;;;
;;;;;;;;;;;;;;;;;;;;;;;;;;;;;;;;;
;;;;;;;;;;;;;;;;;;;;;;;;;;;;;;;;;
;;;;;;;;;;;;;;;;;;;;;;;;;;;;;;;;;
;;;;;;;;;;;;;;;;;;;;;;;;;;;;;;;;;
;;;;;;;;;;;;;;;;;;;;;;;;;;;;;;;;;
;;;;;;;;;;;;;;;;;;;;;;;;;;;;;;;;;
;;;;;;;;;;;;;;;;;;;;;;;;;;;;;;;;;
;;;;;;;;;;;;;;;;;;;;;;;;;;;;;;;;;
;;;;;;;;;;;;;;;;;;;;;;;;;;;;;;;;;
;;;;;;;;;;;;;;;;;;;;;;;;;;;;;;;;;
;;;;;;;;;;;;;;;;;;;;;;;;;;;;;;;;;
;;;;;;;;;;;;;;;;;;;;;;;;;;;;;;;;;
;;;;;;;;;;;;;;;;;;;;;;;;;;;;;;;;;
;;;;;;;;;;;;;;;;;;;;;;;;;;;;;;;;;
;;;;;;;;;;;;;;;;;;;;;;;;;;;;;;;;;
;;;;;;;;;;;;;;;;;;;;;;;;;;;;;;;;;
;;;;;;;;;;;;;;;;;;;;;;;;;;;;;;;;;
;;;;;;;;;;;;;;;;;;;;;;;;;;;;;;;;;
;;;;;;;;;;;;;;;;;;;;;;;;;;;;;;;;;
;;;;;;;;;;;;;;;;;;;;;;;;;;;;;;;;;
;;;;;;;;;;;;;;;;;;;;;;;;;;;;;;;;;
;;;;;;;;;;;;;;;;;;;;;;;;;;;;;;;;;
;;;;;;;;;;;;;;;;;;;;;;;;;;;;;;;;;
;;;;;;;;;;;;;;;;;;;;;;;;;;;;;;;;;
;;;;;;;;;;;;;;;;;;;;;;;;;;;;;;;;;
;;;;;;;;;;;;;;;;;;;;;;;;;;;;;;;;;
;;;;;;;;;;;;;;;;;;;;;;;;;;;;;;;;;
;;;;;;;;;;;;;;;;;;;;;;;;;;;;;;;;;
;;;;;;;;;;;;;;;;;;;;;;;;;;;;;;;;;
;;;;;;;;;;;;;;;;;;;;;;;;;;;;;;;;;
;;;;;;;;;;;;;;;;;;;;;;;;;;;;;;;;;
;;;;;;;;;;;;;;;;;;;;;;;;;;;;;;;;;
;;;;;;;;;;;;;;;;;;;;;;;;;;;;;;;;;
;;;;;;;;;;;;;;;;;;;;;;;;;;;;;;;;;
;;;;;;;;;;;;;;;;;;;;;;;;;;;;;;;;;
;;;;;;;;;;;;;;;;;;;;;;;;;;;;;;;;;
;;;;;;;;;;;;;;;;;;;;;;;;;;;;;;;;;
;;;;;;;;;;;;;;;;;;;;;;;;;;;;;;;;;
;;;;;;;;;;;;;;;;;;;;;;;;;;;;;;;;;
;;;;;;;;;;;;;;;;;;;;;;;;;;;;;;;;;
;;;;;;;;;;;;;;;;;;;;;;;;;;;;;;;;;
;;;;;;;;;;;;;;;;;;;;;;;;;;;;;;;;;
;;;;;;;;;;;;;;;;;;;;;;;;;;;;;;;;;
;;;;;;;;;;;;;;;;;;;;;;;;;;;;;;;;;
;;;;;;;;;;;;;;;;;;;;;;;;;;;;;;;;;
;;;;;;;;;;;;;;;;;;;;;;;;;;;;;;;;;
;;;;;;;;;;;;;;;;;;;;;;;;;;;;;;;;;
;;;;;;;;;;;;;;;;;;;;;;;;;;;;;;;;;
;;;;;;;;;;;;;;;;;;;;;;;;;;;;;;;;;
;;;;;;;;;;;;;;;;;;;;;;;;;;;;;;;;;
;;;;;;;;;;;;;;;;;;;;;;;;;;;;;;;;;
;;;;;;;;;;;;;;;;;;;;;;;;;;;;;;;;;
;;;;;;;;;;;;;;;;;;;;;;;;;;;;;;;;;
;;;;;;;;;;;;;;;;;;;;;;;;;;;;;;;;;
;;;;;;;;;;;;;;;;;;;;;;;;;;;;;;;;;
;;;;;;;;;;;;;;;;;;;;;;;;;;;;;;;;;
;;;;;;;;;;;;;;;;;;;;;;;;;;;;;;;;;
;;;;;;;;;;;;;;;;;;;;;;;;;;;;;;;;;
;;;;;;;;;;;;;;;;;;;;;;;;;;;;;;;;;
;;;;;;;;;;;;;;;;;;;;;;;;;;;;;;;;;
;;;;;;;;;;;;;;;;;;;;;;;;;;;;;;;;;
;;;;;;;;;;;;;;;;;;;;;;;;;;;;;;;;;
;;;;;;;;;;;;;;;;;;;;;;;;;;;;;;;;;
;;;;;;;;;;;;;;;;;;;;;;;;;;;;;;;;;
;;;;;;;;;;;;;;;;;;;;;;;;;;;;;;;;;
;;;;;;;;;;;;;;;;;;;;;;;;;;;;;;;;;
;;;;;;;;;;;;;;;;;;;;;;;;;;;;;;;;;
;;;;;;;;;;;;;;;;;;;;;;;;;;;;;;;;;
;;;;;;;;;;;;;;;;;;;;;;;;;;;;;;;;;
;;;;;;;;;;;;;;;;;;;;;;;;;;;;;;;;;
;;;;;;;;;;;;;;;;;;;;;;;;;;;;;;;;;
;;;;;;;;;;;;;;;;;;;;;;;;;;;;;;;;;
;;;;;;;;;;;;;;;;;;;;;;;;;;;;;;;;;
;;;;;;;;;;;;;;;;;;;;;;;;;;;;;;;;;
;;;;;;;;;;;;;;;;;;;;;;;;;;;;;;;;;
;;;;;;;;;;;;;;;;;;;;;;;;;;;;;;;;;
;;;;;;;;;;;;;;;;;;;;;;;;;;;;;;;;;
;;;;;;;;;;;;;;;;;;;;;;;;;;;;;;;;;
;;;;;;;;;;;;;;;;;;;;;;;;;;;;;;;;;
;;;;;;;;;;;;;;;;;;;;;;;;;;;;;;;;;
;;;;;;;;;;;;;;;;;;;;;;;;;;;;;;;;;
;;;;;;;;;;;;;;;;;;;;;;;;;;;;;;;;;
;;;;;;;;;;;;;;;;;;;;;;;;;;;;;;;;;
;;;;;;;;;;;;;;;;;;;;;;;;;;;;;;;;;
;;;;;;;;;;;;;;;;;;;;;;;;;;;;;;;;;
;;;;;;;;;;;;;;;;;;;;;;;;;;;;;;;;;
;;;;;;;;;;;;;;;;;;;;;;;;;;;;;;;;;
;;;;;;;;;;;;;;;;;;;;;;;;;;;;;;;;;
;;;;;;;;;;;;;;;;;;;;;;;;;;;;;;;;;
;;;;;;;;;;;;;;;;;;;;;;;;;;;;;;;;;
;;;;;;;;;;;;;;;;;;;;;;;;;;;;;;;;;
;;;;;;;;;;;;;;;;;;;;;;;;;;;;;;;;;
;;;;;;;;;;;;;;;;;;;;;;;;;;;;;;;;;
;;;;;;;;;;;;;;;;;;;;;;;;;;;;;;;;;
;;;;;;;;;;;;;;;;;;;;;;;;;;;;;;;;;
;;;;;;;;;;;;;;;;;;;;;;;;;;;;;;;;;
;;;;;;;;;;;;;;;;;;;;;;;;;;;;;;;;;
;;;;;;;;;;;;;;;;;;;;;;;;;;;;;;;;;
;;;;;;;;;;;;;;;;;;;;;;;;;;;;;;;;;
;;;;;;;;;;;;;;;;;;;;;;;;;;;;;;;;;
;;;;;;;;;;;;;;;;;;;;;;;;;;;;;;;;;
;;;;;;;;;;;;;;;;;;;;;;;;;;;;;;;;;
;;;;;;;;;;;;;;;;;;;;;;;;;;;;;;;;;
;;;;;;;;;;;;;;;;;;;;;;;;;;;;;;;;;
;;;;;;;;;;;;;;;;;;;;;;;;;;;;;;;;;
;;;;;;;;;;;;;;;;;;;;;;;;;;;;;;;;;
;;;;;;;;;;;;;;;;;;;;;;;;;;;;;;;;;
;;;;;;;;;;;;;;;;;;;;;;;;;;;;;;;;;
;;;;;;;;;;;;;;;;;;;;;;;;;;;;;;;;;
;;;;;;;;;;;;;;;;;;;;;;;;;;;;;;;;;
;;;;;;;;;;;;;;;;;;;;;;;;;;;;;;;;;
;;;;;;;;;;;;;;;;;;;;;;;;;;;;;;;;;
;;;;;;;;;;;;;;;;;;;;;;;;;;;;;;;;;
;;;;;;;;;;;;;;;;;;;;;;;;;;;;;;;;;
;;;;;;;;;;;;;;;;;;;;;;;;;;;;;;;;;
;;;;;;;;;;;;;;;;;;;;;;;;;;;;;;;;;
;;;;;;;;;;;;;;;;;;;;;;;;;;;;;;;;;
;;;;;;;;;;;;;;;;;;;;;;;;;;;;;;;;;
;;;;;;;;;;;;;;;;;;;;;;;;;;;;;;;;;
;;;;;;;;;;;;;;;;;;;;;;;;;;;;;;;;;
;;;;;;;;;;;;;;;;;;;;;;;;;;;;;;;;;
;;;;;;;;;;;;;;;;;;;;;;;;;;;;;;;;;
;;;;;;;;;;;;;;;;;;;;;;;;;;;;;;;;;
;;;;;;;;;;;;;;;;;;;;;;;;;;;;;;;;;
;;;;;;;;;;;;;;;;;;;;;;;;;;;;;;;;;
;;;;;;;;;;;;;;;;;;;;;;;;;;;;;;;;;
;;;;;;;;;;;;;;;;;;;;;;;;;;;;;;;;;
;;;;;;;;;;;;;;;;;;;;;;;;;;;;;;;;;
;;;;;;;;;;;;;;;;;;;;;;;;;;;;;;;;;
;;;;;;;;;;;;;;;;;;;;;;;;;;;;;;;;;
;;;;;;;;;;;;;;;;;;;;;;;;;;;;;;;;;
;;;;;;;;;;;;;;;;;;;;;;;;;;;;;;;;;
;;;;;;;;;;;;;;;;;;;;;;;;;;;;;;;;;
;;;;;;;;;;;;;;;;;;;;;;;;;;;;;;;;;
;;;;;;;;;;;;;;;;;;;;;;;;;;;;;;;;;
;;;;;;;;;;;;;;;;;;;;;;;;;;;;;;;;;
;;;;;;;;;;;;;;;;;;;;;;;;;;;;;;;;;
;;;;;;;;;;;;;;;;;;;;;;;;;;;;;;;;;
;;;;;;;;;;;;;;;;;;;;;;;;;;;;;;;;;
;;;;;;;;;;;;;;;;;;;;;;;;;;;;;;;;;
;;;;;;;;;;;;;;;;;;;;;;;;;;;;;;;;;
;;;;;;;;;;;;;;;;;;;;;;;;;;;;;;;;;
;;;;;;;;;;;;;;;;;;;;;;;;;;;;;;;;;
;;;;;;;;;;;;;;;;;;;;;;;;;;;;;;;;;
;;;;;;;;;;;;;;;;;;;;;;;;;;;;;;;;;
;;;;;;;;;;;;;;;;;;;;;;;;;;;;;;;;;
;;;;;;;;;;;;;;;;;;;;;;;;;;;;;;;;;
;;;;;;;;;;;;;;;;;;;;;;;;;;;;;;;;;
;;;;;;;;;;;;;;;;;;;;;;;;;;;;;;;;;
;;;;;;;;;;;;;;;;;;;;;;;;;;;;;;;;;
;;;;;;;;;;;;;;;;;;;;;;;;;;;;;;;;;
;;;;;;;;;;;;;;;;;;;;;;;;;;;;;;;;;
;;;;;;;;;;;;;;;;;;;;;;;;;;;;;;;;;
;;;;;;;;;;;;;;;;;;;;;;;;;;;;;;;;;
;;;;;;;;;;;;;;;;;;;;;;;;;;;;;;;;;
;;;;;;;;;;;;;;;;;;;;;;;;;;;;;;;;;
;;;;;;;;;;;;;;;;;;;;;;;;;;;;;;;;;
;;;;;;;;;;;;;;;;;;;;;;;;;;;;;;;;;
;;;;;;;;;;;;;;;;;;;;;;;;;;;;;;;;;
;;;;;;;;;;;;;;;;;;;;;;;;;;;;;;;;;
;;;;;;;;;;;;;;;;;;;;;;;;;;;;;;;;;
;;;;;;;;;;;;;;;;;;;;;;;;;;;;;;;;;
;;;;;;;;;;;;;;;;;;;;;;;;;;;;;;;;;
;;;;;;;;;;;;;;;;;;;;;;;;;;;;;;;;;
;;;;;;;;;;;;;;;;;;;;;;;;;;;;;;;;;
;;;;;;;;;;;;;;;;;;;;;;;;;;;;;;;;;
;;;;;;;;;;;;;;;;;;;;;;;;;;;;;;;;;
;;;;;;;;;;;;;;;;;;;;;;;;;;;;;;;;;
;;;;;;;;;;;;;;;;;;;;;;;;;;;;;;;;;
;;;;;;;;;;;;;;;;;;;;;;;;;;;;;;;;;
;;;;;;;;;;;;;;;;;;;;;;;;;;;;;;;;;
;;;;;;;;;;;;;;;;;;;;;;;;;;;;;;;;;
;;;;;;;;;;;;;;;;;;;;;;;;;;;;;;;;;
;;;;;;;;;;;;;;;;;;;;;;;;;;;;;;;;;
;;;;;;;;;;;;;;;;;;;;;;;;;;;;;;;;;
;;;;;;;;;;;;;;;;;;;;;;;;;;;;;;;;;
;;;;;;;;;;;;;;;;;;;;;;;;;;;;;;;;;
;;;;;;;;;;;;;;;;;;;;;;;;;;;;;;;;;
;;;;;;;;;;;;;;;;;;;;;;;;;;;;;;;;;
;;;;;;;;;;;;;;;;;;;;;;;;;;;;;;;;;
;;;;;;;;;;;;;;;;;;;;;;;;;;;;;;;;;
;;;;;;;;;;;;;;;;;;;;;;;;;;;;;;;;;
;;;;;;;;;;;;;;;;;;;;;;;;;;;;;;;;;
;;;;;;;;;;;;;;;;;;;;;;;;;;;;;;;;;
;;;;;;;;;;;;;;;;;;;;;;;;;;;;;;;;;
;;;;;;;;;;;;;;;;;;;;;;;;;;;;;;;;;
;;;;;;;;;;;;;;;;;;;;;;;;;;;;;;;;;
;;;;;;;;;;;;;;;;;;;;;;;;;;;;;;;;;
;;;;;;;;;;;;;;;;;;;;;;;;;;;;;;;;;
;;;;;;;;;;;;;;;;;;;;;;;;;;;;;;;;;
;;;;;;;;;;;;;;;;;;;;;;;;;;;;;;;;;
;;;;;;;;;;;;;;;;;;;;;;;;;;;;;;;;;
;;;;;;;;;;;;;;;;;;;;;;;;;;;;;;;;;
;;;;;;;;;;;;;;;;;;;;;;;;;;;;;;;;;
;;;;;;;;;;;;;;;;;;;;;;;;;;;;;;;;;
;;;;;;;;;;;;;;;;;;;;;;;;;;;;;;;;;
;;;;;;;;;;;;;;;;;;;;;;;;;;;;;;;;;
;;;;;;;;;;;;;;;;;;;;;;;;;;;;;;;;;
;;;;;;;;;;;;;;;;;;;;;;;;;;;;;;;;;
;;;;;;;;;;;;;;;;;;;;;;;;;;;;;;;;;
;;;;;;;;;;;;;;;;;;;;;;;;;;;;;;;;;
;;;;;;;;;;;;;;;;;;;;;;;;;;;;;;;;;
;;;;;;;;;;;;;;;;;;;;;;;;;;;;;;;;;
;;;;;;;;;;;;;;;;;;;;;;;;;;;;;;;;;
;;;;;;;;;;;;;;;;;;;;;;;;;;;;;;;;;
;;;;;;;;;;;;;;;;;;;;;;;;;;;;;;;;;
;;;;;;;;;;;;;;;;;;;;;;;;;;;;;;;;;
;;;;;;;;;;;;;;;;;;;;;;;;;;;;;;;;;
;;;;;;;;;;;;;;;;;;;;;;;;;;;;;;;;;
;;;;;;;;;;;;;;;;;;;;;;;;;;;;;;;;;
;;;;;;;;;;;;;;;;;;;;;;;;;;;;;;;;;
;;;;;;;;;;;;;;;;;;;;;;;;;;;;;;;;;
;;;;;;;;;;;;;;;;;;;;;;;;;;;;;;;;;
;;;;;;;;;;;;;;;;;;;;;;;;;;;;;;;;;
;;;;;;;;;;;;;;;;;;;;;;;;;;;;;;;;;
;;;;;;;;;;;;;;;;;;;;;;;;;;;;;;;;;
;;;;;;;;;;;;;;;;;;;;;;;;;;;;;;;;;
;;;;;;;;;;;;;;;;;;;;;;;;;;;;;;;;;
;;;;;;;;;;;;;;;;;;;;;;;;;;;;;;;;;
;;;;;;;;;;;;;;;;;;;;;;;;;;;;;;;;;
;;;;;;;;;;;;;;;;;;;;;;;;;;;;;;;;;
;;;;;;;;;;;;;;;;;;;;;;;;;;;;;;;;;
;;;;;;;;;;;;;;;;;;;;;;;;;;;;;;;;;
;;;;;;;;;;;;;;;;;;;;;;;;;;;;;;;;;
;;;;;;;;;;;;;;;;;;;;;;;;;;;;;;;;;
;;;;;;;;;;;;;;;;;;;;;;;;;;;;;;;;;
;;;;;;;;;;;;;;;;;;;;;;;;;;;;;;;;;
;;;;;;;;;;;;;;;;;;;;;;;;;;;;;;;;;
;;;;;;;;;;;;;;;;;;;;;;;;;;;;;;;;;
;;;;;;;;;;;;;;;;;;;;;;;;;;;;;;;;;
;;;;;;;;;;;;;;;;;;;;;;;;;;;;;;;;;
;;;;;;;;;;;;;;;;;;;;;;;;;;;;;;;;;
;;;;;;;;;;;;;;;;;;;;;;;;;;;;;;;;;
;;;;;;;;;;;;;;;;;;;;;;;;;;;;;;;;;
;;;;;;;;;;;;;;;;;;;;;;;;;;;;;;;;;
;;;;;;;;;;;;;;;;;;;;;;;;;;;;;;;;;
;;;;;;;;;;;;;;;;;;;;;;;;;;;;;;;;;
;;;;;;;;;;;;;;;;;;;;;;;;;;;;;;;;;
;;;;;;;;;;;;;;;;;;;;;;;;;;;;;;;;;
;;;;;;;;;;;;;;;;;;;;;;;;;;;;;;;;;
;;;;;;;;;;;;;;;;;;;;;;;;;;;;;;;;;
;;;;;;;;;;;;;;;;;;;;;;;;;;;;;;;;;
;;;;;;;;;;;;;;;;;;;;;;;;;;;;;;;;;
;;;;;;;;;;;;;;;;;;;;;;;;;;;;;;;;;
;;;;;;;;;;;;;;;;;;;;;;;;;;;;;;;;;
;;;;;;;;;;;;;;;;;;;;;;;;;;;;;;;;;
;;;;;;;;;;;;;;;;;;;;;;;;;;;;;;;;;
;;;;;;;;;;;;;;;;;;;;;;;;;;;;;;;;;
;;;;;;;;;;;;;;;;;;;;;;;;;;;;;;;;;
;;;;;;;;;;;;;;;;;;;;;;;;;;;;;;;;;
;;;;;;;;;;;;;;;;;;;;;;;;;;;;;;;;;
;;;;;;;;;;;;;;;;;;;;;;;;;;;;;;;;;
;;;;;;;;;;;;;;;;;;;;;;;;;;;;;;;;;
;;;;;;;;;;;;;;;;;;;;;;;;;;;;;;;;;
;;;;;;;;;;;;;;;;;;;;;;;;;;;;;;;;;
;;;;;;;;;;;;;;;;;;;;;;;;;;;;;;;;;
;;;;;;;;;;;;;;;;;;;;;;;;;;;;;;;;;
;;;;;;;;;;;;;;;;;;;;;;;;;;;;;;;;;
;;;;;;;;;;;;;;;;;;;;;;;;;;;;;;;;;
;;;;;;;;;;;;;;;;;;;;;;;;;;;;;;;;;
;;;;;;;;;;;;;;;;;;;;;;;;;;;;;;;;;
;;;;;;;;;;;;;;;;;;;;;;;;;;;;;;;;;
;;;;;;;;;;;;;;;;;;;;;;;;;;;;;;;;;
;;;;;;;;;;;;;;;;;;;;;;;;;;;;;;;;;
;;;;;;;;;;;;;;;;;;;;;;;;;;;;;;;;;
;;;;;;;;;;;;;;;;;;;;;;;;;;;;;;;;;
;;;;;;;;;;;;;;;;;;;;;;;;;;;;;;;;;
;;;;;;;;;;;;;;;;;;;;;;;;;;;;;;;;;
;;;;;;;;;;;;;;;;;;;;;;;;;;;;;;;;;
;;;;;;;;;;;;;;;;;;;;;;;;;;;;;;;;;
;;;;;;;;;;;;;;;;;;;;;;;;;;;;;;;;;
;;;;;;;;;;;;;;;;;;;;;;;;;;;;;;;;;
;;;;;;;;;;;;;;;;;;;;;;;;;;;;;;;;;
;;;;;;;;;;;;;;;;;;;;;;;;;;;;;;;;;
;;;;;;;;;;;;;;;;;;;;;;;;;;;;;;;;;
;;;;;;;;;;;;;;;;;;;;;;;;;;;;;;;;;
;;;;;;;;;;;;;;;;;;;;;;;;;;;;;;;;;
;;;;;;;;;;;;;;;;;;;;;;;;;;;;;;;;;
;;;;;;;;;;;;;;;;;;;;;;;;;;;;;;;;;
;;;;;;;;;;;;;;;;;;;;;;;;;;;;;;;;;
;;;;;;;;;;;;;;;;;;;;;;;;;;;;;;;;;
;;;;;;;;;;;;;;;;;;;;;;;;;;;;;;;;;
;;;;;;;;;;;;;;;;;;;;;;;;;;;;;;;;;
;;;;;;;;;;;;;;;;;;;;;;;;;;;;;;;;;
;;;;;;;;;;;;;;;;;;;;;;;;;;;;;;;;;
;;;;;;;;;;;;;;;;;;;;;;;;;;;;;;;;;
;;;;;;;;;;;;;;;;;;;;;;;;;;;;;;;;;
